CustomerID,Transaction_ID,Transaction_Date,Product_SKU,Product_Description,Product_Category,Quantity,Avg_Price,Delivery_Charges,Coupon_Status
17850,16679,20190101,GGOENEBJ079499,Nest Learning Thermostat 3rd Gen-USA - Stainless Steel,Nest-USA,1,153.71,6.5,Used
17850,16680,20190101,GGOENEBJ079499,Nest Learning Thermostat 3rd Gen-USA - Stainless Steel,Nest-USA,1,153.71,6.5,Used
45697,16681,20190630,GGOEGOAQ012899,Google Spiral Notebook and Pen Set,Office,1,8.99,0,Used
56105,16682,20190527,GGOEGOLC014299,Google Leather Journal,Office,3,19.99,12.99,Used
30379,16683,20191101,GGOEGOLC014599,Google Large Notebook,Notebooks,1,11.99,12.99,Clicked
57400,16684,20190819,GGOEGBRJ037299,Google Backpack,Bags,2,79.99,7.99,Used
16590,16685,20190819,GGOEGOAQ012899,Google Spiral Notebook and Pen Set,Office,5,8.99,0,Clicked
32241,16686,20190330,GGOENEBJ079499,Nest Learning Thermostat 3rd Gen-USA - Stainless Steel,Nest-USA,2,153.71,6.5,Clicked
15229,16687,20191109,GGOEGAAX0104,Google Womens Short Sleeve Hero Tee,Apparel,1,18.99,5.99,Not Used
14207,16688,20190623,GGOENEBB078899,Nest Protect Smoke + CO Alarm - USA,Nest-USA,2,119.0,0,Not Used
64496,16689,20191013,GGOEGOLC014599,Google Large Notebook,Notebooks,1,11.99,12.99,Clicked
18907,16690,20190318,GGOEGEFR024199,Google Sunglasses,Lifestyle,1,9.99,4.99,Not Used
42662,16691,20191202,GGOEGOLC013299,Google Small Notebook,Notebooks,1,6.99,0,Not Used
89415,16692,20190712,GGOEGEFR024199,Google Sunglasses,Lifestyle,2,9.99,12.99,Clicked
23434,16693,20190927,GGOEGOLC014299,Google Leather Journal,Office,2,19.99,7.99,Not Used
89507,16694,20190705,GGOEGDWR015799,Google Stainless Steel Bottle,Drinkware,4,23.99,5.99,Not Used
84593,16695,20190426,GGOEGAAX0037,Google Mens Vintage Badge Tee Black,Apparel,1,19.99,12.99,Used
99192,16696,20191004,GGOENEBB078899,Nest Protect Smoke + CO Alarm - USA,Nest-USA,1,119.0,12.99,Clicked
41499,16697,20191102,GGOEGOLC013299,Google Small Notebook,Notebooks,1,6.99,12.99,Clicked
72070,16698,20191116,GGOEGAAX0358,Google Hoodie Grey,Apparel,1,49.99,6.5,Not Used
84847,16699,20190502,GGOEGHPJ080110,Google Beanie,Headgear,2,16.99,12.99,Not Used
89507,16700,20191001,GGOEGBRJ037299,Google Backpack,Bags,4,79.99,12.99,Not Used
97153,16701,20190708,GGOEGHPJ080110,Google Beanie,Headgear,2,16.99,12.99,Not Used
79352,16702,20190928,GGOEGOLC013299,Google Small Notebook,Notebooks,3,6.99,12.99,Clicked
51245,16703,20190509,GGOENEBB078899,Nest Protect Smoke + CO Alarm - USA,Nest-USA,1,119.0,5.99,Clicked
19099,16704,20191231,GGOEGOAQ012899,Google Spiral Notebook and Pen Set,Office,1,8.99,4.99,Not Used
47353,16705,20190920,GGOEGAAX0104,Google Womens Short Sleeve Hero Tee,Apparel,1,18.99,4.99,Not Used
10464,16706,20190114,GGOEGOLC013299,Google Small Notebook,Notebooks,1,6.99,5.99,Used
37742,16707,20190211,GGOEGEFR024199,Google Sunglasses,Lifestyle,1,9.99,0,Clicked
35995,16708,20190621,GGOEGAAX0037,Google Mens Vintage Badge Tee Black,Apparel,1,19.99,12.99,Not Used
34931,16709,20190313,GGOEGHPJ080110,Google Beanie,Headgear,2,16.99,0,Used
33206,16710,20190421,GGOEGAAX0358,Google Hoodie Grey,Apparel,4,49.99,7.99,Clicked
30257,16711,20190226,GGOEGDWR015799,Google Stainless Steel Bottle,Drinkware,1,23.99,0,Used
42092,16712,20191124,GGOEGHPB071610,Google Cap Black,Headgear,1,14.99,6.5,Clicked
56105,16713,20190109,GGOEGBCR024399,Google Laptop Sleeve,Bags,1,24.99,6.5,Used
32431,16714,20190630,GGOEGBCR024399,Google Laptop Sleeve,Bags,1,24.99,9.99,Clicked
84593,16715,20190926,GGOEGEFR024199,Google Sunglasses,Lifestyle,4,9.99,7.99,Clicked
44335,16716,20191011,GGOENEBQ078999,Nest Cam Outdoor Security Camera - USA,Nest-USA,3,199.0,0,Clicked
55745,16717,20190711,GGOEGDHC018299,Google Travel Tumbler,Drinkware,1,18.99,12.99,Used
22156,16718,20190504,GGOEGOLC014299,Google Leather Journal,Office,2,19.99,5.99,Used
86099,16719,20190630,GGOEGETR013999,Google Yoga Mat,Lifestyle,1,29.99,12.99,Clicked
12260,16720,20191223,GGOEGHPB071610,Google Cap Black,Headgear,3,14.99,0,Clicked
30379,16721,20190823,GGOENEBQ078999,Nest Cam Outdoor Security Camera - USA,Nest-USA,1,199.0,12.99,Used
25157,16722,20190611,GGOEGDHC018299,Google Travel Tumbler,Drinkware,1,18.99,12.99,Clicked
59692,16723,20190510,GGOENEBB078899,Nest Protect Smoke + CO Alarm - USA,Nest-USA,1,119.0,5.99,Used
69087,16724,20190619,GGOEGDWR015799,Google Stainless Steel Bottle,Drinkware,2,23.99,6.5,Not Used
48752,16725,20190814,GGOEGOLC014599,Google Large Notebook,Notebooks,5,11.99,6.5,Clicked
64496,16726,20190708,GGOEGDWR015799,Google Stainless Steel Bottle,Drinkware,2,23.99,0,Not Used
81066,16727,20190403,GGOEGDHQ015399,Google Ceramic Mug,Drinkware,1,12.99,5.99,Clicked
35313,16728,20190606,GGOEGHPJ080110,Google Beanie,Headgear,1,16.99,6.5,Not Used
82357,16729,20190122,GGOEGETR013999,Google Yoga Mat,Lifestyle,5,29.99,5.99,Clicked
23947,16730,20190208,GGOEGOLC014599,Google Large Notebook,Notebooks,1,11.99,9.99,Clicked
24371,16731,20190116,GGOEGAAX0358,Google Hoodie Grey,Apparel,2,49.99,6.5,Used
87236,16732,20190204,GGOEGBCR024399,Google Laptop Sleeve,Bags,1,24.99,6.5,Clicked
39831,16733,20191106,GGOEGAAX0358,Google Hoodie Grey,Apparel,1,49.99,5.99,Not Used
17685,16734,20190209,GGOEGAAX0358,Google Hoodie Grey,Apparel,1,49.99,5.99,Clicked
44335,16735,20190508,GGOEGDHC074099,Google Pen White,Office,2,1.5,6.5,Clicked
87110,16736,20191015,GGOEGOAQ012899,Google Spiral Notebook and Pen Set,Office,2,8.99,9.99,Not Used
74686,16737,20191110,GGOEGDHC018299,Google Travel Tumbler,Drinkware,4,18.99,6.5,Used
59735,16738,20190311,GGOEGOAQ012899,Google Spiral Notebook and Pen Set,Office,1,8.99,9.99,Not Used
19545,16739,20191216,GGOEGETR013999,Google Yoga Mat,Lifestyle,1,29.99,0,Clicked
57576,16740,20190529,GGOEGDWR015799,Google Stainless Steel Bottle,Drinkware,2,23.99,9.99,Clicked
71993,16741,20190705,GGOEGBMJ013399,Google Tote Bag,Bags,5,12.99,12.99,Used
10726,16742,20190910,GGOENEBQ078999,Nest Cam Outdoor Security Camera - USA,Nest-USA,1,199.0,5.99,Not Used
43386,16743,20190308,GGOEGDHC074099,Google Pen White,Office,1,1.5,9.99,Clicked
15209,16744,20190927,GGOEGOLC014599,Google Large Notebook,Notebooks,3,11.99,0,Used
24371,16745,20191125,GGOEGOAQ012899,Google Spiral Notebook and Pen Set,Office,1,8.99,7.99,Not Used
74686,16746,20191010,GGOEGAAX0037,Google Mens Vintage Badge Tee Black,Apparel,1,19.99,12.99,Used
77391,16747,20190923,GGOEGAAX0104,Google Womens Short Sleeve Hero Tee,Apparel,1,18.99,5.99,Clicked
73092,16748,20190627,GGOEGDWR015799,Google Stainless Steel Bottle,Drinkware,1,23.99,9.99,Clicked
74042,16749,20190306,GGOEGDHC018299,Google Travel Tumbler,Drinkware,1,18.99,7.99,Clicked
91416,16750,20191031,GGOEGAAX0037,Google Mens Vintage Badge Tee Black,Apparel,2,19.99,9.99,Clicked
19880,16751,20191016,GGOENEBJ079499,Nest Learning Thermostat 3rd Gen-USA - Stainless Steel,Nest-USA,1,153.71,9.99,Clicked
48752,16752,20191130,GGOEGBCR024399,Google Laptop Sleeve,Bags,1,24.99,9.99,Used
89415,16753,20191118,GGOEGDHC018299,Google Travel Tumbler,Drinkware,4,18.99,6.5,Used
70332,16754,20190727,GGOEGDHQ015399,Google Ceramic Mug,Drinkware,1,12.99,0,Used
84668,16755,20190801,GGOEGHPJ080110,Google Beanie,Headgear,1,16.99,7.99,Used
42662,16756,20190613,GGOEGEHQ072099,Google Sticker Pack,Lifestyle,1,2.99,5.99,Clicked
95649,16757,20190224,GGOEGEFR024199,Google Sunglasses,Lifestyle,1,9.99,5.99,Not Used
30257,16758,20190314,GGOEGDHC074099,Google Pen White,Office,1,1.5,6.5,Clicked
31643,16759,20190508,GGOEGAAX0104,Google Womens Short Sleeve Hero Tee,Apparel,4,18.99,9.99,Not Used
14165,16760,20190323,GGOEGHPJ080110,Google Beanie,Headgear,1,16.99,5.99,Not Used
81200,16761,20190216,GGOEGOLC014599,Google Large Notebook,Notebooks,4,11.99,4.99,Clicked
12671,16762,20190125,GGOENEBQ078999,Nest Cam Outdoor Security Camera - USA,Nest-USA,1,199.0,12.99,Clicked
60432,16763,20190829,GGOEGDHC018299,Google Travel Tumbler,Drinkware,1,18.99,0,Not Used
76162,16764,20190516,GGOEGEHQ072099,Google Sticker Pack,Lifestyle,1,2.99,6.5,Used
84593,16765,20191015,GGOEGBRJ037299,Google Backpack,Bags,1,79.99,0,Not Used
14207,16766,20190819,GGOEGDHC018299,Google Travel Tumbler,Drinkware,2,18.99,0,Used
80686,16767,20190721,GGOEGEHQ072099,Google Sticker Pack,Lifestyle,1,2.99,5.99,Used
51441,16768,20191105,GGOEGOLC013299,Google Small Notebook,Notebooks,1,6.99,4.99,Clicked
97782,16769,20190831,GGOEGHPB071610,Google Cap Black,Headgear,2,14.99,7.99,Used
16572,16770,20191110,GGOEGEFR024199,Google Sunglasses,Lifestyle,1,9.99,7.99,Clicked
15383,16771,20191031,GGOEGETR013999,Google Yoga Mat,Lifestyle,3,29.99,7.99,Not Used
12671,16772,20191016,GGOEGDHQ015399,Google Ceramic Mug,Drinkware,3,12.99,5.99,Not Used
31632,16773,20190226,GGOEGOLC014599,Google Large Notebook,Notebooks,2,11.99,9.99,Clicked
42406,16774,20190114,GGOEGHPJ080110,Google Beanie,Headgear,4,16.99,12.99,Clicked
65057,16775,20190427,GGOENEBB078899,Nest Protect Smoke + CO Alarm - USA,Nest-USA,1,119.0,7.99,Clicked
30861,16776,20191114,GGOEGOLC013299,Google Small Notebook,Notebooks,3,6.99,4.99,Used
66985,16777,20191225,GGOEGDHC074099,Google Pen White,Office,1,1.5,5.99,Not Used
87656,16778,20190731,GGOEGBRJ037299,Google Backpack,Bags,1,79.99,7.99,Not Used
43386,16779,20190201,GGOEGAAX0358,Google Hoodie Grey,Apparel,1,49.99,5.99,Clicked
37938,16780,20190927,GGOEGOLC014599,Google Large Notebook,Notebooks,4,11.99,6.5,Clicked
66179,16781,20191007,GGOEGETR013999,Google Yoga Mat,Lifestyle,2,29.99,9.99,Clicked
33053,16782,20191221,GGOEGDHC018299,Google Travel Tumbler,Drinkware,1,18.99,4.99,Not Used
24168,16783,20190602,GGOEGBRJ037299,Google Backpack,Bags,2,79.99,9.99,Used
73092,16784,20191227,GGOEGHPJ080110,Google Beanie,Headgear,1,16.99,7.99,Clicked
55745,16785,20190528,GGOEGOLC014299,Google Leather Journal,Office,2,19.99,6.5,Not Used
55745,16786,20190316,GGOEGDWR015799,Google Stainless Steel Bottle,Drinkware,1,23.99,9.99,Used
40982,16787,20190815,GGOEGDHC018299,Google Travel Tumbler,Drinkware,1,18.99,4.99,Clicked
22704,16788,20191015,GGOEGDWR015799,Google Stainless Steel Bottle,Drinkware,1,23.99,9.99,Clicked
84847,16789,20190505,GGOENEBB078899,Nest Protect Smoke + CO Alarm - USA,Nest-USA,4,119.0,4.99,Clicked
70952,16790,20190127,GGOEGOAQ012899,Google Spiral Notebook and Pen Set,Office,1,8.99,6.5,Used
59692,16791,20190312,GGOENEBB078899,Nest Protect Smoke + CO Alarm - USA,Nest-USA,5,119.0,4.99,Not Used
65444,16792,20190901,GGOEGHPB071610,Google Cap Black,Headgear,2,14.99,5.99,Not Used
42177,16793,20191127,GGOENEBJ079499,Nest Learning Thermostat 3rd Gen-USA - Stainless Steel,Nest-USA,2,153.71,4.99,Clicked
29536,16794,20190120,GGOEGAAX0104,Google Womens Short Sleeve Hero Tee,Apparel,3,18.99,4.99,Used
93810,16795,20190911,GGOEGAAX0358,Google Hoodie Grey,Apparel,4,49.99,5.99,Used
97012,16796,20190602,GGOEGOAQ012899,Google Spiral Notebook and Pen Set,Office,1,8.99,9.99,Clicked
61876,16797,20190910,GGOEGAAX0358,Google Hoodie Grey,Apparel,1,49.99,4.99,Used
91416,16798,20190325,GGOEGHPJ080110,Google Beanie,Headgear,2,16.99,0,Clicked
53540,16799,20190601,GGOEGBMJ013399,Google Tote Bag,Bags,2,12.99,9.99,Not Used
79352,16800,20190921,GGOEGEFR024199,Google Sunglasses,Lifestyle,1,9.99,0,Used
35313,16801,20190902,GGOEGEFR024199,Google Sunglasses,Lifestyle,1,9.99,6.5,Used
34050,16802,20190517,GGOEGEHQ072099,Google Sticker Pack,Lifestyle,1,2.99,7.99,Used
88193,16803,20191201,GGOEGETR013999,Google Yoga Mat,Lifestyle,1,29.99,9.99,Used
24168,16804,20190607,GGOEGAAX0104,Google Womens Short Sleeve Hero Tee,Apparel,2,18.99,9.99,Not Used
43386,16805,20190302,GGOEGDHQ015399,Google Ceramic Mug,Drinkware,2,12.99,4.99,Used
37802,16806,20190320,GGOEGHPJ080110,Google Beanie,Headgear,1,16.99,7.99,Not Used
97012,16807,20191003,GGOEGBMJ013399,Google Tote Bag,Bags,2,12.99,7.99,Used
62383,16808,20190817,GGOEGEFR024199,Google Sunglasses,Lifestyle,4,9.99,0,Used
32241,16809,20190916,GGOEGBCR024399,Google Laptop Sleeve,Bags,1,24.99,4.99,Not Used
99733,16810,20190815,GGOEGOLC014299,Google Leather Journal,Office,1,19.99,7.99,Not Used
76768,16811,20190919,GGOEGHPB071610,Google Cap Black,Headgear,1,14.99,7.99,Not Used
57472,16812,20191016,GGOENEBB078899,Nest Protect Smoke + CO Alarm - USA,Nest-USA,1,119.0,12.99,Not Used
92149,16813,20190112,GGOEGOLC014599,Google Large Notebook,Notebooks,3,11.99,9.99,Used
57400,16814,20190207,GGOENEBQ078999,Nest Cam Outdoor Security Camera - USA,Nest-USA,1,199.0,0,Clicked
63271,16815,20190205,GGOEGHPB071610,Google Cap Black,Headgear,1,14.99,4.99,Used
74032,16816,20191125,GGOEGOLC014599,Google Large Notebook,Notebooks,5,11.99,6.5,Not Used
60432,16817,20190712,GGOEGOLC014299,Google Leather Journal,Office,4,19.99,12.99,Clicked
40784,16818,20191201,GGOEGEFR024199,Google Sunglasses,Lifestyle,1,9.99,7.99,Not Used
12671,16819,20190307,GGOEGBMJ013399,Google Tote Bag,Bags,2,12.99,5.99,Not Used
55745,16820,20191006,GGOEGOLC014599,Google Large Notebook,Notebooks,3,11.99,4.99,Not Used
87236,16821,20190321,GGOEGDWR015799,Google Stainless Steel Bottle,Drinkware,4,23.99,9.99,Used
30028,16822,20191205,GGOEGOLC013299,Google Small Notebook,Notebooks,1,6.99,0,Used
70332,16823,20190118,GGOEGHPB071610,Google Cap Black,Headgear,1,14.99,0,Not Used
80539,16824,20190430,GGOEGBMJ013399,Google Tote Bag,Bags,1,12.99,5.99,Used
71993,16825,20191022,GGOEGETR013999,Google Yoga Mat,Lifestyle,1,29.99,9.99,Not Used
73092,16826,20190604,GGOEGAAX0358,Google Hoodie Grey,Apparel,1,49.99,6.5,Not Used
55082,16827,20190201,GGOEGAAX0358,Google Hoodie Grey,Apparel,2,49.99,7.99,Not Used
16572,16828,20190626,GGOEGOLC014599,Google Large Notebook,Notebooks,2,11.99,6.5,Used
16572,16829,20190712,GGOEGAAX0358,Google Hoodie Grey,Apparel,1,49.99,12.99,Used
83385,16830,20191229,GGOEGAAX0104,Google Womens Short Sleeve Hero Tee,Apparel,4,18.99,7.99,Not Used
16590,16831,20191013,GGOEGAAX0104,Google Womens Short Sleeve Hero Tee,Apparel,1,18.99,4.99,Not Used
70217,16832,20190210,GGOEGHPJ080110,Google Beanie,Headgear,1,16.99,9.99,Used
57472,16833,20190518,GGOEGOLC013299,Google Small Notebook,Notebooks,3,6.99,4.99,Clicked
46048,16834,20191210,GGOEGBRJ037299,Google Backpack,Bags,1,79.99,5.99,Not Used
63883,16835,20190419,GGOEGBCR024399,Google Laptop Sleeve,Bags,1,24.99,12.99,Not Used
12260,16836,20191223,GGOEGBRJ037299,Google Backpack,Bags,4,79.99,7.99,Not Used
34050,16837,20190525,GGOEGOLC014599,Google Large Notebook,Notebooks,1,11.99,5.99,Not Used
46655,16838,20190704,GGOEGHPJ080110,Google Beanie,Headgear,1,16.99,9.99,Not Used
18834,16839,20190613,GGOEGBRJ037299,Google Backpack,Bags,1,79.99,0,Clicked
65057,16840,20190316,GGOENEBQ078999,Nest Cam Outdoor Security Camera - USA,Nest-USA,1,199.0,7.99,Clicked
76162,16841,20190802,GGOEGDWR015799,Google Stainless Steel Bottle,Drinkware,1,23.99,4.99,Not Used
57472,16842,20190506,GGOEGHPJ080110,Google Beanie,Headgear,1,16.99,12.99,Not Used
74042,16843,20191125,GGOEGHPJ080110,Google Beanie,Headgear,1,16.99,12.99,Not Used
57400,16844,20190313,GGOEGHPB071610,Google Cap Black,Headgear,4,14.99,7.99,Clicked
77715,16845,20190926,GGOENEBJ079499,Nest Learning Thermostat 3rd Gen-USA - Stainless Steel,Nest-USA,4,153.71,9.99,Used
15383,16846,20190104,GGOEGOLC013299,Google Small Notebook,Notebooks,3,6.99,4.99,Used
64921,16847,20190319,GGOENEBJ079499,Nest Learning Thermostat 3rd Gen-USA - Stainless Steel,Nest-USA,1,153.71,5.99,Used
42706,16848,20191123,GGOEGHPJ080110,Google Beanie,Headgear,1,16.99,7.99,Clicked
23434,16849,20190107,GGOENEBB078899,Nest Protect Smoke + CO Alarm - USA,Nest-USA,2,119.0,7.99,Not Used
66985,16850,20190915,GGOEGOLC013299,Google Small Notebook,Notebooks,1,6.99,0,Clicked
16630,16851,20190504,GGOEGBCR024399,Google Laptop Sleeve,Bags,1,24.99,12.99,Not Used
63883,16852,20190723,GGOEGOAQ012899,Google Spiral Notebook and Pen Set,Office,4,8.99,6.5,Clicked
59692,16853,20191223,GGOEGBRJ037299,Google Backpack,Bags,2,79.99,12.99,Used
25157,16854,20191129,GGOENEBJ079499,Nest Learning Thermostat 3rd Gen-USA - Stainless Steel,Nest-USA,1,153.71,6.5,Clicked
16590,16855,20190129,GGOENEBB078899,Nest Protect Smoke + CO Alarm - USA,Nest-USA,1,119.0,6.5,Not Used
98781,16856,20190619,GGOEGOLC014299,Google Leather Journal,Office,4,19.99,4.99,Used
17685,16857,20191018,GGOEGHPJ080110,Google Beanie,Headgear,1,16.99,0,Clicked
39451,16858,20191006,GGOENEBJ079499,Nest Learning Thermostat 3rd Gen-USA - Stainless Steel,Nest-USA,4,153.71,5.99,Used
36071,16859,20191028,GGOEGAAX0358,Google Hoodie Grey,Apparel,3,49.99,0,Not Used
19545,16860,20191016,GGOEGBCR024399,Google Laptop Sleeve,Bags,3,24.99,6.5,Clicked
99593,16861,20190619,GGOEGOLC013299,Google Small Notebook,Notebooks,2,6.99,9.99,Clicked
37938,16862,20190914,GGOEGEFR024199,Google Sunglasses,Lifestyle,1,9.99,4.99,Used
26334,16863,20191106,GGOEGOLC014599,Google Large Notebook,Notebooks,1,11.99,5.99,Not Used
70952,16864,20190427,GGOEGETR013999,Google Yoga Mat,Lifestyle,4,29.99,6.5,Used
96706,16865,20191027,GGOEGOLC013299,Google Small Notebook,Notebooks,2,6.99,5.99,Used
44522,16866,20190207,GGOEGOAQ012899,Google Spiral Notebook and Pen Set,Office,1,8.99,9.99,Clicked
39831,16867,20190719,GGOEGEHQ072099,Google Sticker Pack,Lifestyle,1,2.99,0,Not Used
35313,16868,20190704,GGOEGDWR015799,Google Stainless Steel Bottle,Drinkware,1,23.99,4.99,Not Used
99733,16869,20191013,GGOEGOLC013299,Google Small Notebook,Notebooks,1,6.99,5.99,Clicked
63005,16870,20191102,GGOEGEHQ072099,Google Sticker Pack,Lifestyle,1,2.99,6.5,Not Used
74042,16871,20190213,GGOEGBCR024399,Google Laptop Sleeve,Bags,1,24.99,9.99,Not Used
31174,16872,20190313,GGOEGDHQ015399,Google Ceramic Mug,Drinkware,1,12.99,4.99,Used
96951,16873,20190811,GGOEGDHQ015399,Google Ceramic Mug,Drinkware,1,12.99,12.99,Used
80686,16874,20190509,GGOEGBCR024399,Google Laptop Sleeve,Bags,2,24.99,7.99,Clicked
64921,16875,20190823,GGOEGDHC074099,Google Pen White,Office,1,1.5,6.5,Not Used
30028,16876,20190714,GGOEGEHQ072099,Google Sticker Pack,Lifestyle,1,2.99,12.99,Clicked
43386,16877,20190311,GGOEGDHQ015399,Google Ceramic Mug,Drinkware,2,12.99,9.99,Used
98781,16878,20190610,GGOEGAAX0104,Google Womens Short Sleeve Hero Tee,Apparel,4,18.99,5.99,Clicked
25129,16879,20191121,GGOEGHPB071610,Google Cap Black,Headgear,1,14.99,5.99,Not Used
63271,16880,20190228,GGOEGBCR024399,Google Laptop Sleeve,Bags,5,24.99,4.99,Clicked
70332,16881,20191009,GGOENEBB078899,Nest Protect Smoke + CO Alarm - USA,Nest-USA,1,119.0,9.99,Used
79615,16882,20190530,GGOEGOAQ012899,Google Spiral Notebook and Pen Set,Office,2,8.99,4.99,Clicked
69429,16883,20190504,GGOEGDHC018299,Google Travel Tumbler,Drinkware,1,18.99,6.5,Not Used
30257,16884,20190818,GGOEGHPJ080110,Google Beanie,Headgear,1,16.99,12.99,Clicked
30028,16885,20191006,GGOENEBQ078999,Nest Cam Outdoor Security Camera - USA,Nest-USA,2,199.0,12.99,Clicked
81200,16886,20191123,GGOEGDHC074099,Google Pen White,Office,2,1.5,9.99,Clicked
82420,16887,20190327,GGOENEBB078899,Nest Protect Smoke + CO Alarm - USA,Nest-USA,5,119.0,9.99,Clicked
10053,16888,20190619,GGOEGOLC013299,Google Small Notebook,Notebooks,1,6.99,5.99,Used
54020,16889,20190923,GGOEGBRJ037299,Google Backpack,Bags,1,79.99,6.5,Clicked
81066,16890,20191220,GGOEGAAX0104,Google Womens Short Sleeve Hero Tee,Apparel,5,18.99,6.5,Used
47353,16891,20190801,GGOEGDHC074099,Google Pen White,Office,3,1.5,9.99,Used
47353,16892,20190609,GGOEGEHQ072099,Google Sticker Pack,Lifestyle,2,2.99,7.99,Not Used
40512,16893,20190901,GGOEGOAQ012899,Google Spiral Notebook and Pen Set,Office,2,8.99,6.5,Not Used
16590,16894,20190603,GGOENEBB078899,Nest Protect Smoke + CO Alarm - USA,Nest-USA,1,119.0,12.99,Not Used
23947,16895,20190225,GGOEGAAX0358,Google Hoodie Grey,Apparel,1,49.99,4.99,Clicked
26483,16896,20190619,GGOEGOLC014599,Google Large Notebook,Notebooks,1,11.99,6.5,Clicked
19099,16897,20190406,GGOEGOLC014599,Google Large Notebook,Notebooks,1,11.99,7.99,Used
17685,16898,20191031,GGOEGOLC014599,Google Large Notebook,Notebooks,1,11.99,4.99,Used
26483,16899,20191227,GGOEGOLC014299,Google Leather Journal,Office,1,19.99,12.99,Clicked
26334,16900,20190707,GGOEGEFR024199,Google Sunglasses,Lifestyle,1,9.99,5.99,Clicked
44438,16901,20190928,GGOEGETR013999,Google Yoga Mat,Lifestyle,1,29.99,6.5,Clicked
49529,16902,20190628,GGOEGEHQ072099,Google Sticker Pack,Lifestyle,2,2.99,12.99,Clicked
20500,16903,20190602,GGOEGOLC014299,Google Leather Journal,Office,1,19.99,0,Used
30257,16904,20190301,GGOEGAAX0104,Google Womens Short Sleeve Hero Tee,Apparel,2,18.99,7.99,Not Used
80008,16905,20191102,GGOEGAAX0358,Google Hoodie Grey,Apparel,1,49.99,4.99,Not Used
26483,16906,20191003,GGOEGAAX0358,Google Hoodie Grey,Apparel,1,49.99,5.99,Used
60432,16907,20190611,GGOEGHPB071610,Google Cap Black,Headgear,3,14.99,0,Not Used
15383,16908,20190410,GGOEGOLC014599,Google Large Notebook,Notebooks,1,11.99,6.5,Not Used
48890,16909,20190816,GGOEGHPB071610,Google Cap Black,Headgear,1,14.99,0,Used
70901,16910,20190117,GGOEGDWR015799,Google Stainless Steel Bottle,Drinkware,1,23.99,4.99,Not Used
25129,16911,20190911,GGOEGOLC014299,Google Leather Journal,Office,1,19.99,12.99,Clicked
51245,16912,20191005,GGOENEBB078899,Nest Protect Smoke + CO Alarm - USA,Nest-USA,1,119.0,4.99,Not Used
19880,16913,20191201,GGOEGBRJ037299,Google Backpack,Bags,3,79.99,0,Not Used
39451,16914,20190628,GGOEGOAQ012899,Google Spiral Notebook and Pen Set,Office,3,8.99,0,Used
56105,16915,20191029,GGOEGETR013999,Google Yoga Mat,Lifestyle,2,29.99,6.5,Used
36100,16916,20190313,GGOEGBMJ013399,Google Tote Bag,Bags,3,12.99,7.99,Not Used
30861,16917,20190524,GGOEGAAX0104,Google Womens Short Sleeve Hero Tee,Apparel,5,18.99,5.99,Not Used
57400,16918,20190517,GGOEGDHC074099,Google Pen White,Office,4,1.5,12.99,Not Used
96706,16919,20190522,GGOEGAAX0358,Google Hoodie Grey,Apparel,3,49.99,4.99,Used
31632,16920,20190614,GGOEGBCR024399,Google Laptop Sleeve,Bags,1,24.99,4.99,Clicked
15482,16921,20190518,GGOEGOLC014599,Google Large Notebook,Notebooks,1,11.99,9.99,Used
19171,16922,20190921,GGOEGDHC018299,Google Travel Tumbler,Drinkware,4,18.99,5.99,Not Used
95215,16923,20190617,GGOENEBB078899,Nest Protect Smoke + CO Alarm - USA,Nest-USA,1,119.0,6.5,Clicked
53540,16924,20191224,GGOEGEFR024199,Google Sunglasses,Lifestyle,2,9.99,6.5,Used
62383,16925,20190419,GGOEGHPJ080110,Google Beanie,Headgear,1,16.99,5.99,Not Used
70952,16926,20191023,GGOEGAAX0358,Google Hoodie Grey,Apparel,3,49.99,12.99,Not Used
23434,16927,20190125,GGOENEBJ079499,Nest Learning Thermostat 3rd Gen-USA - Stainless Steel,Nest-USA,2,153.71,12.99,Not Used
24168,16928,20190305,GGOEGAAX0104,Google Womens Short Sleeve Hero Tee,Apparel,1,18.99,6.5,Used
59692,16929,20190309,GGOEGDWR015799,Google Stainless Steel Bottle,Drinkware,3,23.99,5.99,Used
70217,16930,20190704,GGOEGDWR015799,Google Stainless Steel Bottle,Drinkware,1,23.99,9.99,Used
59692,16931,20190722,GGOEGDHC018299,Google Travel Tumbler,Drinkware,2,18.99,4.99,Not Used
28136,16932,20190216,GGOEGDHC074099,Google Pen White,Office,1,1.5,0,Used
33206,16933,20190426,GGOEGHPB071610,Google Cap Black,Headgear,1,14.99,5.99,Used
80539,16934,20191222,GGOEGAAX0104,Google Womens Short Sleeve Hero Tee,Apparel,1,18.99,6.5,Used
93136,16935,20190222,GGOEGOAQ012899,Google Spiral Notebook and Pen Set,Office,1,8.99,5.99,Used
37742,16936,20190310,GGOEGAAX0037,Google Mens Vintage Badge Tee Black,Apparel,1,19.99,0,Clicked
66985,16937,20190326,GGOEGHPJ080110,Google Beanie,Headgear,2,16.99,9.99,Clicked
74789,16938,20190730,GGOEGHPB071610,Google Cap Black,Headgear,1,14.99,0,Used
95649,16939,20190305,GGOEGOLC014599,Google Large Notebook,Notebooks,4,11.99,5.99,Used
65069,16940,20190522,GGOEGDHC074099,Google Pen White,Office,1,1.5,7.99,Clicked
65069,16941,20190526,GGOENEBB078899,Nest Protect Smoke + CO Alarm - USA,Nest-USA,3,119.0,4.99,Clicked
22704,16942,20190918,GGOEGBCR024399,Google Laptop Sleeve,Bags,1,24.99,9.99,Used
69429,16943,20190911,GGOEGOLC013299,Google Small Notebook,Notebooks,1,6.99,9.99,Clicked
76162,16944,20190928,GGOENEBQ078999,Nest Cam Outdoor Security Camera - USA,Nest-USA,4,199.0,4.99,Not Used
41499,16945,20190804,GGOEGETR013999,Google Yoga Mat,Lifestyle,2,29.99,12.99,Not Used
30379,16946,20190207,GGOENEBB078899,Nest Protect Smoke + CO Alarm - USA,Nest-USA,1,119.0,5.99,Used
33206,16947,20190131,GGOEGOLC014599,Google Large Notebook,Notebooks,2,11.99,7.99,Not Used
44522,16948,20191226,GGOEGOLC013299,Google Small Notebook,Notebooks,2,6.99,7.99,Clicked
42092,16949,20190523,GGOEGOAQ012899,Google Spiral Notebook and Pen Set,Office,1,8.99,4.99,Used
22704,16950,20190617,GGOEGOLC013299,Google Small Notebook,Notebooks,1,6.99,6.5,Clicked
12560,16951,20190130,GGOEGBMJ013399,Google Tote Bag,Bags,4,12.99,0,Not Used
57576,16952,20191108,GGOENEBQ078999,Nest Cam Outdoor Security Camera - USA,Nest-USA,2,199.0,9.99,Clicked
48752,16953,20190303,GGOENEBB078899,Nest Protect Smoke + CO Alarm - USA,Nest-USA,1,119.0,0,Used
80539,16954,20190627,GGOEGDWR015799,Google Stainless Steel Bottle,Drinkware,1,23.99,9.99,Not Used
96673,16955,20190302,GGOENEBQ078999,Nest Cam Outdoor Security Camera - USA,Nest-USA,3,199.0,5.99,Clicked
48752,16956,20190515,GGOEGOAQ012899,Google Spiral Notebook and Pen Set,Office,1,8.99,5.99,Used
30861,16957,20191018,GGOEGAAX0104,Google Womens Short Sleeve Hero Tee,Apparel,1,18.99,12.99,Used
46048,16958,20191212,GGOEGDHC074099,Google Pen White,Office,2,1.5,0,Used
30926,16959,20190506,GGOENEBQ078999,Nest Cam Outdoor Security Camera - USA,Nest-USA,1,199.0,4.99,Used
15209,16960,20191011,GGOEGOLC013299,Google Small Notebook,Notebooks,1,6.99,6.5,Clicked
70217,16961,20190519,GGOEGOLC014299,Google Leather Journal,Office,1,19.99,7.99,Clicked
88193,16962,20190402,GGOEGBCR024399,Google Laptop Sleeve,Bags,5,24.99,6.5,Used
45697,16963,20190525,GGOEGDHQ015399,Google Ceramic Mug,Drinkware,1,12.99,6.5,Used
63883,16964,20190413,GGOEGDHC018299,Google Travel Tumbler,Drinkware,2,18.99,9.99,Clicked
80539,16965,20190826,GGOEGETR013999,Google Yoga Mat,Lifestyle,5,29.99,12.99,Used
84847,16966,20191007,GGOEGBMJ013399,Google Tote Bag,Bags,1,12.99,6.5,Used
17850,16967,20191005,GGOEGETR013999,Google Yoga Mat,Lifestyle,3,29.99,0,Not Used
30257,16968,20191203,GGOEGOLC014599,Google Large Notebook,Notebooks,1,11.99,7.99,Used
84847,16969,20190909,GGOENEBJ079499,Nest Learning Thermostat 3rd Gen-USA - Stainless Steel,Nest-USA,2,153.71,0,Used
92149,16970,20190924,GGOEGOLC014599,Google Large Notebook,Notebooks,1,11.99,9.99,Used
76162,16971,20190218,GGOEGAAX0358,Google Hoodie Grey,Apparel,3,49.99,0,Clicked
66057,16972,20190201,GGOEGOLC013299,Google Small Notebook,Notebooks,1,6.99,5.99,Not Used
98039,16973,20191225,GGOEGEHQ072099,Google Sticker Pack,Lifestyle,1,2.99,4.99,Used
84668,16974,20190311,GGOEGDHC074099,Google Pen White,Office,1,1.5,6.5,Not Used
19099,16975,20190728,GGOEGOLC014299,Google Leather Journal,Office,1,19.99,12.99,Used
89415,16976,20190607,GGOEGHPJ080110,Google Beanie,Headgear,3,16.99,0,Used
99733,16977,20190605,GGOENEBJ079499,Nest Learning Thermostat 3rd Gen-USA - Stainless Steel,Nest-USA,3,153.71,5.99,Used
16572,16978,20191231,GGOEGBRJ037299,Google Backpack,Bags,1,79.99,0,Clicked
33053,16979,20190514,GGOEGAAX0037,Google Mens Vintage Badge Tee Black,Apparel,4,19.99,12.99,Not Used
74686,16980,20191009,GGOEGBMJ013399,Google Tote Bag,Bags,1,12.99,12.99,Used
54942,16981,20190107,GGOENEBJ079499,Nest Learning Thermostat 3rd Gen-USA - Stainless Steel,Nest-USA,1,153.71,12.99,Not Used
14165,16982,20191218,GGOEGOLC014299,Google Leather Journal,Office,1,19.99,12.99,Used
61876,16983,20190203,GGOEGBCR024399,Google Laptop Sleeve,Bags,1,24.99,4.99,Used
57472,16984,20190304,GGOENEBQ078999,Nest Cam Outdoor Security Camera - USA,Nest-USA,1,199.0,7.99,Not Used
81200,16985,20190722,GGOEGHPB071610,Google Cap Black,Headgear,1,14.99,6.5,Used
56105,16986,20190420,GGOEGAAX0104,Google Womens Short Sleeve Hero Tee,Apparel,1,18.99,4.99,Used
43386,16987,20191114,GGOEGBCR024399,Google Laptop Sleeve,Bags,1,24.99,6.5,Clicked
66179,16988,20190201,GGOEGOAQ012899,Google Spiral Notebook and Pen Set,Office,1,8.99,6.5,Used
93136,16989,20190927,GGOEGBCR024399,Google Laptop Sleeve,Bags,5,24.99,7.99,Used
86503,16990,20190703,GGOEGHPJ080110,Google Beanie,Headgear,1,16.99,7.99,Clicked
95181,16991,20190718,GGOEGDWR015799,Google Stainless Steel Bottle,Drinkware,1,23.99,7.99,Used
84847,16992,20190524,GGOENEBQ078999,Nest Cam Outdoor Security Camera - USA,Nest-USA,1,199.0,12.99,Clicked
87656,16993,20190323,GGOEGDHC074099,Google Pen White,Office,2,1.5,5.99,Clicked
81200,16994,20190129,GGOEGBCR024399,Google Laptop Sleeve,Bags,3,24.99,12.99,Not Used
35995,16995,20190330,GGOEGAAX0037,Google Mens Vintage Badge Tee Black,Apparel,1,19.99,12.99,Clicked
11504,16996,20190703,GGOENEBB078899,Nest Protect Smoke + CO Alarm - USA,Nest-USA,2,119.0,7.99,Clicked
30926,16997,20191016,GGOEGBRJ037299,Google Backpack,Bags,1,79.99,4.99,Not Used
43386,16998,20190216,GGOENEBJ079499,Nest Learning Thermostat 3rd Gen-USA - Stainless Steel,Nest-USA,2,153.71,0,Clicked
94874,16999,20190101,GGOEGETR013999,Google Yoga Mat,Lifestyle,1,29.99,4.99,Not Used
11504,17000,20190401,GGOEGEFR024199,Google Sunglasses,Lifestyle,1,9.99,7.99,Clicked
54020,17001,20190226,GGOEGEFR024199,Google Sunglasses,Lifestyle,1,9.99,9.99,Not Used
15075,17002,20190221,GGOEGEHQ072099,Google Sticker Pack,Lifestyle,1,2.99,4.99,Clicked
56105,17003,20191124,GGOEGHPJ080110,Google Beanie,Headgear,1,16.99,7.99,Clicked
20500,17004,20190702,GGOEGBCR024399,Google Laptop Sleeve,Bags,1,24.99,4.99,Not Used
30861,17005,20191219,GGOEGDWR015799,Google Stainless Steel Bottle,Drinkware,1,23.99,0,Clicked
18834,17006,20190720,GGOENEBJ079499,Nest Learning Thermostat 3rd Gen-USA - Stainless Steel,Nest-USA,2,153.71,12.99,Clicked
71993,17007,20191124,GGOEGOAQ012899,Google Spiral Notebook and Pen Set,Office,1,8.99,9.99,Used
14067,17008,20190627,GGOEGEFR024199,Google Sunglasses,Lifestyle,2,9.99,0,Clicked
98781,17009,20191124,GGOEGEHQ072099,Google Sticker Pack,Lifestyle,1,2.99,4.99,Used
55082,17010,20190204,GGOEGEHQ072099,Google Sticker Pack,Lifestyle,2,2.99,9.99,Used
74032,17011,20190717,GGOEGHPJ080110,Google Beanie,Headgear,4,16.99,6.5,Not Used
37742,17012,20190629,GGOEGOLC013299,Google Small Notebook,Notebooks,3,6.99,12.99,Clicked
81066,17013,20191218,GGOEGBMJ013399,Google Tote Bag,Bags,1,12.99,12.99,Used
74042,17014,20190111,GGOEGEHQ072099,Google Sticker Pack,Lifestyle,4,2.99,0,Not Used
30028,17015,20190712,GGOEGAAX0358,Google Hoodie Grey,Apparel,1,49.99,0,Not Used
65069,17016,20191111,GGOEGHPB071610,Google Cap Black,Headgear,1,14.99,9.99,Used
15229,17017,20190811,GGOEGAAX0037,Google Mens Vintage Badge Tee Black,Apparel,1,19.99,4.99,Used
55082,17018,20191223,GGOEGDHC018299,Google Travel Tumbler,Drinkware,1,18.99,4.99,Used
59735,17019,20190721,GGOEGHPB071610,Google Cap Black,Headgear,1,14.99,0,Not Used
83975,17020,20190531,GGOEGHPB071610,Google Cap Black,Headgear,1,14.99,4.99,Used
51114,17021,20190530,GGOEGOAQ012899,Google Spiral Notebook and Pen Set,Office,3,8.99,5.99,Not Used
45697,17022,20190908,GGOEGDWR015799,Google Stainless Steel Bottle,Drinkware,2,23.99,6.5,Used
88193,17023,20190715,GGOEGEFR024199,Google Sunglasses,Lifestyle,1,9.99,5.99,Not Used
95215,17024,20190515,GGOEGBRJ037299,Google Backpack,Bags,1,79.99,4.99,Clicked
37802,17025,20190219,GGOEGOLC014299,Google Leather Journal,Office,1,19.99,7.99,Not Used
30257,17026,20191029,GGOEGBCR024399,Google Laptop Sleeve,Bags,1,24.99,6.5,Clicked
96706,17027,20191002,GGOEGHPB071610,Google Cap Black,Headgear,1,14.99,0,Not Used
31174,17028,20190118,GGOEGAAX0037,Google Mens Vintage Badge Tee Black,Apparel,4,19.99,6.5,Used
15075,17029,20190419,GGOEGBMJ013399,Google Tote Bag,Bags,1,12.99,0,Clicked
59735,17030,20190414,GGOEGAAX0358,Google Hoodie Grey,Apparel,1,49.99,9.99,Used
46048,17031,20190718,GGOEGOLC014599,Google Large Notebook,Notebooks,3,11.99,7.99,Not Used
54020,17032,20191225,GGOEGOLC013299,Google Small Notebook,Notebooks,1,6.99,4.99,Clicked
42092,17033,20191026,GGOEGDHC074099,Google Pen White,Office,1,1.5,0,Not Used
65069,17034,20190626,GGOEGOLC014599,Google Large Notebook,Notebooks,1,11.99,6.5,Clicked
65069,17035,20190831,GGOENEBJ079499,Nest Learning Thermostat 3rd Gen-USA - Stainless Steel,Nest-USA,1,153.71,4.99,Clicked
71993,17036,20191215,GGOEGOLC013299,Google Small Notebook,Notebooks,1,6.99,5.99,Clicked
79615,17037,20190126,GGOEGHPJ080110,Google Beanie,Headgear,3,16.99,0,Not Used
73624,17038,20190609,GGOEGDHQ015399,Google Ceramic Mug,Drinkware,3,12.99,9.99,Used
16630,17039,20190310,GGOEGDHC018299,Google Travel Tumbler,Drinkware,1,18.99,12.99,Not Used
42177,17040,20190802,GGOEGDHC074099,Google Pen White,Office,1,1.5,12.99,Not Used
18907,17041,20190906,GGOEGEFR024199,Google Sunglasses,Lifestyle,1,9.99,4.99,Used
95181,17042,20191230,GGOEGOLC013299,Google Small Notebook,Notebooks,2,6.99,7.99,Clicked
76768,17043,20190330,GGOEGBMJ013399,Google Tote Bag,Bags,3,12.99,4.99,Used
84593,17044,20190126,GGOEGETR013999,Google Yoga Mat,Lifestyle,1,29.99,5.99,Not Used
30028,17045,20190723,GGOEGOLC014299,Google Leather Journal,Office,1,19.99,5.99,Not Used
36071,17046,20190817,GGOEGAAX0104,Google Womens Short Sleeve Hero Tee,Apparel,1,18.99,5.99,Not Used
30861,17047,20190513,GGOEGOAQ012899,Google Spiral Notebook and Pen Set,Office,1,8.99,0,Used
37742,17048,20190420,GGOEGBCR024399,Google Laptop Sleeve,Bags,1,24.99,4.99,Not Used
57576,17049,20190729,GGOENEBB078899,Nest Protect Smoke + CO Alarm - USA,Nest-USA,1,119.0,4.99,Clicked
96706,17050,20191104,GGOENEBJ079499,Nest Learning Thermostat 3rd Gen-USA - Stainless Steel,Nest-USA,1,153.71,12.99,Not Used
13617,17051,20191230,GGOEGDHQ015399,Google Ceramic Mug,Drinkware,3,12.99,12.99,Not Used
29536,17052,20190510,GGOEGBRJ037299,Google Backpack,Bags,1,79.99,7.99,Clicked
42662,17053,20191027,GGOEGDHC074099,Google Pen White,Office,1,1.5,9.99,Not Used
91416,17054,20191128,GGOEGDHQ015399,Google Ceramic Mug,Drinkware,2,12.99,6.5,Used
16572,17055,20190522,GGOEGEHQ072099,Google Sticker Pack,Lifestyle,1,2.99,9.99,Clicked
15482,17056,20190407,GGOEGAAX0358,Google Hoodie Grey,Apparel,2,49.99,0,Clicked
48752,17057,20191205,GGOEGETR013999,Google Yoga Mat,Lifestyle,1,29.99,0,Clicked
20155,17058,20190601,GGOEGDHQ015399,Google Ceramic Mug,Drinkware,1,12.99,9.99,Used
36100,17059,20191229,GGOEGBRJ037299,Google Backpack,Bags,2,79.99,4.99,Clicked
20735,17060,20191123,GGOEGHPJ080110,Google Beanie,Headgear,1,16.99,12.99,Used
34050,17061,20191013,GGOEGAAX0104,Google Womens Short Sleeve Hero Tee,Apparel,1,18.99,4.99,Clicked
18834,17062,20191014,GGOEGAAX0358,Google Hoodie Grey,Apparel,3,49.99,9.99,Used
54942,17063,20190701,GGOEGBCR024399,Google Laptop Sleeve,Bags,3,24.99,6.5,Not Used
80008,17064,20190514,GGOEGDHQ015399,Google Ceramic Mug,Drinkware,3,12.99,6.5,Used
70952,17065,20191026,GGOEGOAQ012899,Google Spiral Notebook and Pen Set,Office,3,8.99,7.99,Used
79352,17066,20190715,GGOEGDHQ015399,Google Ceramic Mug,Drinkware,1,12.99,12.99,Used
84668,17067,20190413,GGOEGEHQ072099,Google Sticker Pack,Lifestyle,5,2.99,6.5,Used
80008,17068,20190403,GGOEGOAQ012899,Google Spiral Notebook and Pen Set,Office,1,8.99,4.99,Not Used
42406,17069,20190130,GGOENEBQ078999,Nest Cam Outdoor Security Camera - USA,Nest-USA,1,199.0,12.99,Used
53540,17070,20190323,GGOEGHPB071610,Google Cap Black,Headgear,1,14.99,6.5,Clicked
98039,17071,20190726,GGOEGOLC014599,Google Large Notebook,Notebooks,1,11.99,0,Clicked
23434,17072,20190711,GGOENEBQ078999,Nest Cam Outdoor Security Camera - USA,Nest-USA,2,199.0,7.99,Used
55745,17073,20191213,GGOENEBB078899,Nest Protect Smoke + CO Alarm - USA,Nest-USA,2,119.0,4.99,Clicked
31174,17074,20190609,GGOEGAAX0037,Google Mens Vintage Badge Tee Black,Apparel,1,19.99,7.99,Not Used
32241,17075,20190203,GGOENEBQ078999,Nest Cam Outdoor Security Camera - USA,Nest-USA,4,199.0,6.5,Clicked
26334,17076,20191102,GGOEGEHQ072099,Google Sticker Pack,Lifestyle,3,2.99,4.99,Not Used
23434,17077,20190703,GGOEGBMJ013399,Google Tote Bag,Bags,4,12.99,12.99,Not Used
14165,17078,20190427,GGOEGBCR024399,Google Laptop Sleeve,Bags,5,24.99,4.99,Clicked
74032,17079,20191029,GGOEGAAX0037,Google Mens Vintage Badge Tee Black,Apparel,1,19.99,9.99,Used
80702,17080,20191124,GGOEGDHC018299,Google Travel Tumbler,Drinkware,2,18.99,7.99,Used
93136,17081,20190225,GGOENEBJ079499,Nest Learning Thermostat 3rd Gen-USA - Stainless Steel,Nest-USA,2,153.71,6.5,Not Used
89415,17082,20190305,GGOEGDHQ015399,Google Ceramic Mug,Drinkware,2,12.99,4.99,Clicked
32241,17083,20191119,GGOENEBQ078999,Nest Cam Outdoor Security Camera - USA,Nest-USA,1,199.0,0,Clicked
65057,17084,20190519,GGOEGAAX0104,Google Womens Short Sleeve Hero Tee,Apparel,3,18.99,0,Clicked
80686,17085,20191113,GGOEGOAQ012899,Google Spiral Notebook and Pen Set,Office,1,8.99,0,Not Used
49529,17086,20191108,GGOEGBRJ037299,Google Backpack,Bags,3,79.99,4.99,Not Used
24168,17087,20190729,GGOEGDWR015799,Google Stainless Steel Bottle,Drinkware,1,23.99,6.5,Used
28301,17088,20190904,GGOEGEFR024199,Google Sunglasses,Lifestyle,1,9.99,9.99,Used
56566,17089,20191021,GGOEGHPB071610,Google Cap Black,Headgear,4,14.99,12.99,Clicked
86099,17090,20190221,GGOEGDHC018299,Google Travel Tumbler,Drinkware,1,18.99,5.99,Not Used
96951,17091,20190126,GGOEGDHC074099,Google Pen White,Office,3,1.5,12.99,Not Used
93810,17092,20191213,GGOEGEHQ072099,Google Sticker Pack,Lifestyle,2,2.99,0,Used
16630,17093,20190312,GGOEGAAX0104,Google Womens Short Sleeve Hero Tee,Apparel,1,18.99,6.5,Clicked
76768,17094,20190217,GGOEGEHQ072099,Google Sticker Pack,Lifestyle,1,2.99,6.5,Not Used
28301,17095,20190520,GGOEGOLC014599,Google Large Notebook,Notebooks,2,11.99,9.99,Used
76162,17096,20190309,GGOENEBJ079499,Nest Learning Thermostat 3rd Gen-USA - Stainless Steel,Nest-USA,1,153.71,7.99,Not Used
12560,17097,20191214,GGOEGHPB071610,Google Cap Black,Headgear,2,14.99,12.99,Not Used
70332,17098,20190115,GGOEGAAX0104,Google Womens Short Sleeve Hero Tee,Apparel,4,18.99,0,Not Used
72070,17099,20190124,GGOEGOAQ012899,Google Spiral Notebook and Pen Set,Office,2,8.99,0,Clicked
24168,17100,20190926,GGOEGBCR024399,Google Laptop Sleeve,Bags,3,24.99,7.99,Clicked
55745,17101,20191225,GGOEGOAQ012899,Google Spiral Notebook and Pen Set,Office,2,8.99,4.99,Not Used
70217,17102,20191206,GGOEGOLC013299,Google Small Notebook,Notebooks,3,6.99,7.99,Clicked
31174,17103,20190106,GGOEGAAX0358,Google Hoodie Grey,Apparel,3,49.99,12.99,Not Used
84593,17104,20190208,GGOEGHPJ080110,Google Beanie,Headgear,1,16.99,5.99,Used
39831,17105,20190425,GGOEGOLC014599,Google Large Notebook,Notebooks,3,11.99,0,Not Used
57447,17106,20191021,GGOEGHPB071610,Google Cap Black,Headgear,3,14.99,6.5,Not Used
62383,17107,20190912,GGOENEBJ079499,Nest Learning Thermostat 3rd Gen-USA - Stainless Steel,Nest-USA,1,153.71,0,Clicked
10053,17108,20190101,GGOEGOLC014299,Google Leather Journal,Office,4,19.99,9.99,Not Used
70217,17109,20191015,GGOEGBCR024399,Google Laptop Sleeve,Bags,2,24.99,5.99,Not Used
25157,17110,20190425,GGOEGHPJ080110,Google Beanie,Headgear,1,16.99,7.99,Clicked
18834,17111,20191203,GGOEGETR013999,Google Yoga Mat,Lifestyle,1,29.99,0,Clicked
62383,17112,20190102,GGOEGEHQ072099,Google Sticker Pack,Lifestyle,3,2.99,12.99,Not Used
79352,17113,20190925,GGOEGETR013999,Google Yoga Mat,Lifestyle,1,29.99,4.99,Not Used
66057,17114,20190729,GGOEGOAQ012899,Google Spiral Notebook and Pen Set,Office,2,8.99,4.99,Used
22156,17115,20190421,GGOEGHPB071610,Google Cap Black,Headgear,2,14.99,0,Not Used
60432,17116,20191121,GGOEGOAQ012899,Google Spiral Notebook and Pen Set,Office,1,8.99,7.99,Clicked
20155,17117,20190913,GGOENEBB078899,Nest Protect Smoke + CO Alarm - USA,Nest-USA,2,119.0,7.99,Not Used
51245,17118,20190905,GGOEGAAX0358,Google Hoodie Grey,Apparel,1,49.99,9.99,Used
98781,17119,20190718,GGOEGETR013999,Google Yoga Mat,Lifestyle,3,29.99,6.5,Clicked
60432,17120,20190508,GGOEGDHQ015399,Google Ceramic Mug,Drinkware,4,12.99,5.99,Not Used
96706,17121,20190312,GGOEGOLC014599,Google Large Notebook,Notebooks,3,11.99,7.99,Not Used
89415,17122,20191011,GGOEGBMJ013399,Google Tote Bag,Bags,1,12.99,9.99,Not Used
19545,17123,20190626,GGOEGAAX0358,Google Hoodie Grey,Apparel,2,49.99,4.99,Clicked
43386,17124,20191222,GGOEGETR013999,Google Yoga Mat,Lifestyle,1,29.99,5.99,Clicked
32241,17125,20191026,GGOEGOLC014599,Google Large Notebook,Notebooks,3,11.99,6.5,Used
98039,17126,20190224,GGOENEBQ078999,Nest Cam Outdoor Security Camera - USA,Nest-USA,1,199.0,9.99,Used
24168,17127,20190517,GGOEGAAX0104,Google Womens Short Sleeve Hero Tee,Apparel,2,18.99,4.99,Used
51245,17128,20190601,GGOEGBCR024399,Google Laptop Sleeve,Bags,1,24.99,12.99,Not Used
10053,17129,20191112,GGOEGBCR024399,Google Laptop Sleeve,Bags,2,24.99,6.5,Used
83385,17130,20191223,GGOEGDHC018299,Google Travel Tumbler,Drinkware,2,18.99,6.5,Not Used
98039,17131,20191217,GGOEGETR013999,Google Yoga Mat,Lifestyle,1,29.99,9.99,Not Used
16590,17132,20191114,GGOEGHPB071610,Google Cap Black,Headgear,4,14.99,9.99,Clicked
41571,17133,20190708,GGOEGBCR024399,Google Laptop Sleeve,Bags,4,24.99,5.99,Not Used
57447,17134,20191216,GGOEGDHC074099,Google Pen White,Office,4,1.5,9.99,Clicked
36071,17135,20190713,GGOENEBQ078999,Nest Cam Outdoor Security Camera - USA,Nest-USA,1,199.0,5.99,Used
30379,17136,20191027,GGOEGDWR015799,Google Stainless Steel Bottle,Drinkware,1,23.99,9.99,Used
80702,17137,20190320,GGOEGETR013999,Google Yoga Mat,Lifestyle,1,29.99,9.99,Clicked
97012,17138,20190604,GGOEGHPJ080110,Google Beanie,Headgear,1,16.99,9.99,Not Used
83385,17139,20190423,GGOEGAAX0358,Google Hoodie Grey,Apparel,1,49.99,7.99,Used
61876,17140,20191006,GGOEGOLC013299,Google Small Notebook,Notebooks,1,6.99,4.99,Clicked
40784,17141,20190619,GGOEGEHQ072099,Google Sticker Pack,Lifestyle,1,2.99,12.99,Clicked
66179,17142,20190901,GGOENEBJ079499,Nest Learning Thermostat 3rd Gen-USA - Stainless Steel,Nest-USA,2,153.71,6.5,Used
44438,17143,20191111,GGOEGBMJ013399,Google Tote Bag,Bags,2,12.99,5.99,Not Used
41499,17144,20190717,GGOEGDHC018299,Google Travel Tumbler,Drinkware,2,18.99,0,Clicked
86503,17145,20190711,GGOEGHPJ080110,Google Beanie,Headgear,1,16.99,9.99,Used
36100,17146,20190921,GGOEGDHC074099,Google Pen White,Office,1,1.5,12.99,Clicked
89415,17147,20190104,GGOEGDHC074099,Google Pen White,Office,2,1.5,12.99,Used
12260,17148,20190806,GGOEGDHC074099,Google Pen White,Office,1,1.5,9.99,Clicked
94874,17149,20190811,GGOEGOLC014299,Google Leather Journal,Office,2,19.99,0,Not Used
33053,17150,20190619,GGOENEBJ079499,Nest Learning Thermostat 3rd Gen-USA - Stainless Steel,Nest-USA,1,153.71,4.99,Not Used
15482,17151,20190206,GGOEGBRJ037299,Google Backpack,Bags,1,79.99,6.5,Clicked
13047,17152,20190810,GGOEGEFR024199,Google Sunglasses,Lifestyle,1,9.99,0,Clicked
95717,17153,20191125,GGOEGOLC014299,Google Leather Journal,Office,1,19.99,9.99,Used
59735,17154,20190915,GGOEGOAQ012899,Google Spiral Notebook and Pen Set,Office,2,8.99,5.99,Clicked
25157,17155,20190525,GGOEGHPJ080110,Google Beanie,Headgear,1,16.99,9.99,Used
81066,17156,20190322,GGOEGBMJ013399,Google Tote Bag,Bags,2,12.99,12.99,Clicked
16590,17157,20191121,GGOEGAAX0104,Google Womens Short Sleeve Hero Tee,Apparel,2,18.99,12.99,Clicked
30379,17158,20190711,GGOENEBB078899,Nest Protect Smoke + CO Alarm - USA,Nest-USA,3,119.0,4.99,Used
57472,17159,20190103,GGOEGOLC013299,Google Small Notebook,Notebooks,1,6.99,9.99,Clicked
11504,17160,20190626,GGOEGBRJ037299,Google Backpack,Bags,4,79.99,12.99,Clicked
44438,17161,20190324,GGOEGAAX0037,Google Mens Vintage Badge Tee Black,Apparel,2,19.99,5.99,Used
48890,17162,20190403,GGOENEBB078899,Nest Protect Smoke + CO Alarm - USA,Nest-USA,1,119.0,7.99,Used
19171,17163,20191210,GGOEGOAQ012899,Google Spiral Notebook and Pen Set,Office,1,8.99,9.99,Clicked
61173,17164,20190619,GGOEGEFR024199,Google Sunglasses,Lifestyle,2,9.99,4.99,Used
56105,17165,20191114,GGOEGDHC074099,Google Pen White,Office,1,1.5,6.5,Not Used
25129,17166,20191204,GGOEGDHC018299,Google Travel Tumbler,Drinkware,1,18.99,7.99,Clicked
96706,17167,20190611,GGOEGOLC013299,Google Small Notebook,Notebooks,1,6.99,4.99,Used
80539,17168,20191125,GGOEGOLC014599,Google Large Notebook,Notebooks,3,11.99,4.99,Clicked
19171,17169,20190619,GGOEGHPJ080110,Google Beanie,Headgear,1,16.99,12.99,Not Used
79352,17170,20191010,GGOEGDHC074099,Google Pen White,Office,2,1.5,0,Not Used
33086,17171,20191003,GGOEGBRJ037299,Google Backpack,Bags,2,79.99,9.99,Used
92149,17172,20190208,GGOENEBB078899,Nest Protect Smoke + CO Alarm - USA,Nest-USA,2,119.0,12.99,Clicked
51114,17173,20190727,GGOEGBMJ013399,Google Tote Bag,Bags,1,12.99,7.99,Clicked
80539,17174,20191201,GGOEGAAX0104,Google Womens Short Sleeve Hero Tee,Apparel,1,18.99,12.99,Clicked
25129,17175,20190529,GGOEGAAX0104,Google Womens Short Sleeve Hero Tee,Apparel,1,18.99,0,Not Used
89415,17176,20190915,GGOENEBB078899,Nest Protect Smoke + CO Alarm - USA,Nest-USA,1,119.0,12.99,Clicked
20735,17177,20190326,GGOEGAAX0104,Google Womens Short Sleeve Hero Tee,Apparel,1,18.99,7.99,Clicked
84847,17178,20190316,GGOEGHPJ080110,Google Beanie,Headgear,1,16.99,12.99,Not Used
67954,17179,20190202,GGOEGDHQ015399,Google Ceramic Mug,Drinkware,1,12.99,9.99,Used
37742,17180,20190704,GGOEGOLC014599,Google Large Notebook,Notebooks,4,11.99,0,Used
42177,17181,20190615,GGOEGOLC014299,Google Leather Journal,Office,4,19.99,9.99,Not Used
59692,17182,20190515,GGOEGAAX0104,Google Womens Short Sleeve Hero Tee,Apparel,2,18.99,5.99,Clicked
15482,17183,20190209,GGOEGDHQ015399,Google Ceramic Mug,Drinkware,5,12.99,4.99,Clicked
97153,17184,20190630,GGOEGEHQ072099,Google Sticker Pack,Lifestyle,2,2.99,7.99,Used
17685,17185,20190313,GGOEGHPB071610,Google Cap Black,Headgear,1,14.99,7.99,Clicked
57447,17186,20190419,GGOEGAAX0037,Google Mens Vintage Badge Tee Black,Apparel,1,19.99,7.99,Clicked
78146,17187,20191205,GGOEGBRJ037299,Google Backpack,Bags,3,79.99,9.99,Used
42706,17188,20191212,GGOEGHPJ080110,Google Beanie,Headgear,1,16.99,4.99,Clicked
60432,17189,20190112,GGOEGBMJ013399,Google Tote Bag,Bags,1,12.99,7.99,Used
73699,17190,20191119,GGOENEBB078899,Nest Protect Smoke + CO Alarm - USA,Nest-USA,1,119.0,4.99,Not Used
61173,17191,20190922,GGOEGOLC013299,Google Small Notebook,Notebooks,3,6.99,9.99,Clicked
74042,17192,20190213,GGOEGBRJ037299,Google Backpack,Bags,2,79.99,6.5,Not Used
45774,17193,20190423,GGOEGOLC013299,Google Small Notebook,Notebooks,2,6.99,12.99,Used
30028,17194,20191204,GGOEGDWR015799,Google Stainless Steel Bottle,Drinkware,2,23.99,5.99,Not Used
23434,17195,20191030,GGOEGDHC074099,Google Pen White,Office,1,1.5,4.99,Used
56105,17196,20190414,GGOEGOLC013299,Google Small Notebook,Notebooks,2,6.99,4.99,Not Used
78146,17197,20191104,GGOENEBB078899,Nest Protect Smoke + CO Alarm - USA,Nest-USA,1,119.0,0,Used
37742,17198,20191204,GGOEGAAX0358,Google Hoodie Grey,Apparel,1,49.99,0,Clicked
53540,17199,20190809,GGOEGOLC014599,Google Large Notebook,Notebooks,3,11.99,9.99,Clicked
46655,17200,20190428,GGOEGHPJ080110,Google Beanie,Headgear,1,16.99,12.99,Clicked
32431,17201,20191223,GGOEGOAQ012899,Google Spiral Notebook and Pen Set,Office,1,8.99,6.5,Used
13047,17202,20190526,GGOEGOLC014599,Google Large Notebook,Notebooks,1,11.99,9.99,Clicked
24168,17203,20191023,GGOEGOLC014299,Google Leather Journal,Office,1,19.99,9.99,Used
20155,17204,20190611,GGOEGOLC014599,Google Large Notebook,Notebooks,1,11.99,6.5,Clicked
73092,17205,20190510,GGOEGDHC018299,Google Travel Tumbler,Drinkware,1,18.99,5.99,Clicked
78146,17206,20191215,GGOEGOLC013299,Google Small Notebook,Notebooks,1,6.99,12.99,Clicked
42406,17207,20190402,GGOEGETR013999,Google Yoga Mat,Lifestyle,1,29.99,5.99,Not Used
89997,17208,20190626,GGOEGOLC013299,Google Small Notebook,Notebooks,3,6.99,9.99,Used
91416,17209,20190428,GGOEGHPB071610,Google Cap Black,Headgear,1,14.99,7.99,Not Used
99733,17210,20191009,GGOENEBJ079499,Nest Learning Thermostat 3rd Gen-USA - Stainless Steel,Nest-USA,1,153.71,9.99,Used
45697,17211,20190316,GGOEGHPJ080110,Google Beanie,Headgear,1,16.99,5.99,Used
59692,17212,20190210,GGOENEBB078899,Nest Protect Smoke + CO Alarm - USA,Nest-USA,1,119.0,6.5,Clicked
83975,17213,20190924,GGOEGDHC018299,Google Travel Tumbler,Drinkware,4,18.99,0,Used
65444,17214,20190911,GGOEGHPB071610,Google Cap Black,Headgear,1,14.99,9.99,Clicked
56105,17215,20190410,GGOENEBB078899,Nest Protect Smoke + CO Alarm - USA,Nest-USA,1,119.0,9.99,Used
59735,17216,20190328,GGOENEBQ078999,Nest Cam Outdoor Security Camera - USA,Nest-USA,1,199.0,0,Used
98039,17217,20190522,GGOEGOLC014599,Google Large Notebook,Notebooks,2,11.99,6.5,Clicked
61173,17218,20190923,GGOENEBB078899,Nest Protect Smoke + CO Alarm - USA,Nest-USA,2,119.0,0,Clicked
65069,17219,20191014,GGOEGEHQ072099,Google Sticker Pack,Lifestyle,4,2.99,5.99,Used
15229,17220,20190410,GGOEGHPJ080110,Google Beanie,Headgear,1,16.99,5.99,Used
44438,17221,20190917,GGOEGOLC014299,Google Leather Journal,Office,1,19.99,5.99,Not Used
98781,17222,20190920,GGOEGDHC018299,Google Travel Tumbler,Drinkware,3,18.99,7.99,Not Used
12260,17223,20190815,GGOEGOLC014599,Google Large Notebook,Notebooks,2,11.99,12.99,Not Used
93136,17224,20190823,GGOEGHPB071610,Google Cap Black,Headgear,1,14.99,5.99,Used
42706,17225,20191121,GGOEGBCR024399,Google Laptop Sleeve,Bags,2,24.99,12.99,Not Used
99733,17226,20190630,GGOENEBB078899,Nest Protect Smoke + CO Alarm - USA,Nest-USA,3,119.0,4.99,Not Used
84668,17227,20190724,GGOEGEFR024199,Google Sunglasses,Lifestyle,1,9.99,4.99,Not Used
31643,17228,20190701,GGOEGBCR024399,Google Laptop Sleeve,Bags,1,24.99,9.99,Clicked
77839,17229,20190913,GGOEGBMJ013399,Google Tote Bag,Bags,2,12.99,12.99,Not Used
63005,17230,20190428,GGOEGBMJ013399,Google Tote Bag,Bags,3,12.99,5.99,Used
56105,17231,20190224,GGOEGDHC074099,Google Pen White,Office,2,1.5,9.99,Not Used
42406,17232,20190104,GGOENEBQ078999,Nest Cam Outdoor Security Camera - USA,Nest-USA,1,199.0,5.99,Not Used
29536,17233,20190521,GGOEGHPB071610,Google Cap Black,Headgear,5,14.99,7.99,Not Used
19545,17234,20190424,GGOEGAAX0037,Google Mens Vintage Badge Tee Black,Apparel,1,19.99,6.5,Not Used
13617,17235,20190117,GGOEGEHQ072099,Google Sticker Pack,Lifestyle,3,2.99,12.99,Used
39451,17236,20190303,GGOEGHPJ080110,Google Beanie,Headgear,2,16.99,0,Clicked
26483,17237,20190714,GGOEGOAQ012899,Google Spiral Notebook and Pen Set,Office,1,8.99,12.99,Not Used
25129,17238,20191008,GGOEGDWR015799,Google Stainless Steel Bottle,Drinkware,1,23.99,7.99,Not Used
25129,17239,20190405,GGOEGHPJ080110,Google Beanie,Headgear,1,16.99,9.99,Not Used
89415,17240,20190725,GGOEGDHQ015399,Google Ceramic Mug,Drinkware,1,12.99,4.99,Clicked
30866,17241,20190428,GGOEGOLC014299,Google Leather Journal,Office,1,19.99,4.99,Clicked
25157,17242,20190715,GGOEGBMJ013399,Google Tote Bag,Bags,3,12.99,9.99,Used
67954,17243,20190105,GGOEGAAX0104,Google Womens Short Sleeve Hero Tee,Apparel,1,18.99,12.99,Clicked
55082,17244,20191001,GGOEGEHQ072099,Google Sticker Pack,Lifestyle,1,2.99,7.99,Clicked
25157,17245,20190723,GGOEGOLC014299,Google Leather Journal,Office,1,19.99,4.99,Not Used
96951,17246,20191119,GGOEGOAQ012899,Google Spiral Notebook and Pen Set,Office,2,8.99,5.99,Not Used
72070,17247,20191014,GGOEGDHQ015399,Google Ceramic Mug,Drinkware,1,12.99,0,Not Used
57576,17248,20191107,GGOEGBCR024399,Google Laptop Sleeve,Bags,1,24.99,9.99,Clicked
35313,17249,20190526,GGOEGEHQ072099,Google Sticker Pack,Lifestyle,2,2.99,6.5,Clicked
83975,17250,20190210,GGOEGOLC014599,Google Large Notebook,Notebooks,1,11.99,4.99,Used
36071,17251,20190622,GGOEGOLC014599,Google Large Notebook,Notebooks,3,11.99,0,Used
16630,17252,20190625,GGOEGBRJ037299,Google Backpack,Bags,1,79.99,5.99,Clicked
89997,17253,20191106,GGOEGOLC014599,Google Large Notebook,Notebooks,3,11.99,12.99,Not Used
24371,17254,20191028,GGOEGHPJ080110,Google Beanie,Headgear,1,16.99,12.99,Used
31174,17255,20190501,GGOEGDHC018299,Google Travel Tumbler,Drinkware,2,18.99,0,Used
70217,17256,20190723,GGOEGDHC074099,Google Pen White,Office,1,1.5,6.5,Clicked
32431,17257,20190114,GGOEGOLC013299,Google Small Notebook,Notebooks,1,6.99,7.99,Used
39831,17258,20191202,GGOEGOLC014599,Google Large Notebook,Notebooks,1,11.99,9.99,Not Used
87236,17259,20191117,GGOEGAAX0037,Google Mens Vintage Badge Tee Black,Apparel,1,19.99,4.99,Used
40982,17260,20191206,GGOEGEHQ072099,Google Sticker Pack,Lifestyle,3,2.99,6.5,Clicked
41571,17261,20191008,GGOEGHPB071610,Google Cap Black,Headgear,4,14.99,9.99,Clicked
18907,17262,20191030,GGOEGHPJ080110,Google Beanie,Headgear,1,16.99,9.99,Clicked
25129,17263,20190627,GGOEGHPB071610,Google Cap Black,Headgear,3,14.99,6.5,Not Used
46655,17264,20190731,GGOEGDWR015799,Google Stainless Steel Bottle,Drinkware,1,23.99,0,Clicked
26334,17265,20190311,GGOEGEHQ072099,Google Sticker Pack,Lifestyle,1,2.99,0,Clicked
30028,17266,20190902,GGOEGDWR015799,Google Stainless Steel Bottle,Drinkware,2,23.99,12.99,Not Used
15075,17267,20190429,GGOENEBB078899,Nest Protect Smoke + CO Alarm - USA,Nest-USA,1,119.0,6.5,Clicked
74032,17268,20190722,GGOEGBMJ013399,Google Tote Bag,Bags,2,12.99,9.99,Not Used
77715,17269,20190423,GGOEGDWR015799,Google Stainless Steel Bottle,Drinkware,1,23.99,4.99,Clicked
42706,17270,20191110,GGOEGDHQ015399,Google Ceramic Mug,Drinkware,2,12.99,7.99,Not Used
76768,17271,20190407,GGOEGDHC074099,Google Pen White,Office,1,1.5,0,Clicked
86503,17272,20191113,GGOEGHPJ080110,Google Beanie,Headgear,2,16.99,6.5,Used
51245,17273,20190110,GGOEGAAX0037,Google Mens Vintage Badge Tee Black,Apparel,4,19.99,0,Used
84847,17274,20190525,GGOEGDWR015799,Google Stainless Steel Bottle,Drinkware,2,23.99,9.99,Used
18907,17275,20190216,GGOEGAAX0037,Google Mens Vintage Badge Tee Black,Apparel,1,19.99,5.99,Not Used
99593,17276,20190913,GGOEGEHQ072099,Google Sticker Pack,Lifestyle,2,2.99,0,Not Used
51114,17277,20190316,GGOENEBQ078999,Nest Cam Outdoor Security Camera - USA,Nest-USA,2,199.0,0,Clicked
74686,17278,20190403,GGOEGBRJ037299,Google Backpack,Bags,3,79.99,12.99,Used
13617,17279,20190508,GGOEGOLC014599,Google Large Notebook,Notebooks,1,11.99,0,Used
23947,17280,20190218,GGOEGBRJ037299,Google Backpack,Bags,1,79.99,5.99,Not Used
54473,17281,20191119,GGOENEBB078899,Nest Protect Smoke + CO Alarm - USA,Nest-USA,4,119.0,7.99,Used
10942,17282,20190904,GGOEGDWR015799,Google Stainless Steel Bottle,Drinkware,1,23.99,0,Clicked
73092,17283,20190227,GGOEGBCR024399,Google Laptop Sleeve,Bags,1,24.99,0,Used
92149,17284,20191027,GGOEGOAQ012899,Google Spiral Notebook and Pen Set,Office,2,8.99,0,Used
23947,17285,20191220,GGOEGHPB071610,Google Cap Black,Headgear,1,14.99,0,Used
57400,17286,20190913,GGOEGOLC014299,Google Leather Journal,Office,2,19.99,12.99,Clicked
24371,17287,20190131,GGOEGETR013999,Google Yoga Mat,Lifestyle,1,29.99,7.99,Used
37802,17288,20190907,GGOEGBRJ037299,Google Backpack,Bags,5,79.99,12.99,Clicked
57472,17289,20190627,GGOEGHPB071610,Google Cap Black,Headgear,1,14.99,6.5,Not Used
81066,17290,20190310,GGOEGDWR015799,Google Stainless Steel Bottle,Drinkware,1,23.99,6.5,Clicked
86503,17291,20191005,GGOEGHPB071610,Google Cap Black,Headgear,1,14.99,7.99,Not Used
40512,17292,20190828,GGOEGDHC018299,Google Travel Tumbler,Drinkware,4,18.99,7.99,Used
25129,17293,20190929,GGOEGAAX0104,Google Womens Short Sleeve Hero Tee,Apparel,1,18.99,5.99,Clicked
23434,17294,20190821,GGOENEBB078899,Nest Protect Smoke + CO Alarm - USA,Nest-USA,1,119.0,9.99,Used
20735,17295,20191114,GGOEGETR013999,Google Yoga Mat,Lifestyle,1,29.99,9.99,Used
44522,17296,20191003,GGOEGOLC013299,Google Small Notebook,Notebooks,1,6.99,6.5,Clicked
14207,17297,20191110,GGOEGDHQ015399,Google Ceramic Mug,Drinkware,1,12.99,5.99,Used
87236,17298,20190925,GGOEGDHC074099,Google Pen White,Office,3,1.5,4.99,Used
66179,17299,20190414,GGOEGOAQ012899,Google Spiral Notebook and Pen Set,Office,1,8.99,0,Clicked
94874,17300,20190718,GGOEGHPJ080110,Google Beanie,Headgear,1,16.99,4.99,Clicked
88193,17301,20190206,GGOENEBJ079499,Nest Learning Thermostat 3rd Gen-USA - Stainless Steel,Nest-USA,2,153.71,12.99,Used
15383,17302,20191124,GGOENEBQ078999,Nest Cam Outdoor Security Camera - USA,Nest-USA,1,199.0,6.5,Not Used
56566,17303,20190130,GGOEGDHC018299,Google Travel Tumbler,Drinkware,1,18.99,0,Not Used
31643,17304,20190421,GGOEGDHC074099,Google Pen White,Office,2,1.5,7.99,Not Used
89997,17305,20190409,GGOEGBCR024399,Google Laptop Sleeve,Bags,2,24.99,4.99,Clicked
12671,17306,20191013,GGOEGOLC013299,Google Small Notebook,Notebooks,2,6.99,7.99,Not Used
82420,17307,20190823,GGOEGOLC013299,Google Small Notebook,Notebooks,1,6.99,4.99,Clicked
81200,17308,20190916,GGOEGETR013999,Google Yoga Mat,Lifestyle,1,29.99,7.99,Not Used
57472,17309,20190611,GGOEGEHQ072099,Google Sticker Pack,Lifestyle,1,2.99,9.99,Not Used
69087,17310,20190615,GGOEGBCR024399,Google Laptop Sleeve,Bags,1,24.99,6.5,Clicked
57472,17311,20190511,GGOEGEHQ072099,Google Sticker Pack,Lifestyle,1,2.99,6.5,Used
13047,17312,20190118,GGOEGDHC018299,Google Travel Tumbler,Drinkware,1,18.99,4.99,Not Used
73092,17313,20190603,GGOEGBMJ013399,Google Tote Bag,Bags,3,12.99,0,Clicked
79352,17314,20191011,GGOEGAAX0037,Google Mens Vintage Badge Tee Black,Apparel,1,19.99,5.99,Used
99733,17315,20190516,GGOEGETR013999,Google Yoga Mat,Lifestyle,1,29.99,5.99,Not Used
78146,17316,20191020,GGOEGOLC013299,Google Small Notebook,Notebooks,2,6.99,9.99,Not Used
80539,17317,20190330,GGOEGHPB071610,Google Cap Black,Headgear,1,14.99,5.99,Used
47353,17318,20191023,GGOEGOLC013299,Google Small Notebook,Notebooks,2,6.99,12.99,Not Used
59692,17319,20190811,GGOEGOLC013299,Google Small Notebook,Notebooks,3,6.99,4.99,Clicked
20500,17320,20191105,GGOENEBB078899,Nest Protect Smoke + CO Alarm - USA,Nest-USA,2,119.0,6.5,Used
97153,17321,20190926,GGOENEBQ078999,Nest Cam Outdoor Security Camera - USA,Nest-USA,1,199.0,4.99,Not Used
35313,17322,20191224,GGOEGBMJ013399,Google Tote Bag,Bags,1,12.99,9.99,Not Used
44973,17323,20191101,GGOEGDHC074099,Google Pen White,Office,1,1.5,12.99,Not Used
62383,17324,20190309,GGOEGEFR024199,Google Sunglasses,Lifestyle,1,9.99,9.99,Used
99192,17325,20190724,GGOEGDWR015799,Google Stainless Steel Bottle,Drinkware,1,23.99,6.5,Clicked
80686,17326,20190311,GGOEGHPB071610,Google Cap Black,Headgear,1,14.99,9.99,Clicked
86503,17327,20191015,GGOEGBMJ013399,Google Tote Bag,Bags,1,12.99,12.99,Not Used
47353,17328,20191217,GGOEGDHC074099,Google Pen White,Office,2,1.5,6.5,Not Used
74042,17329,20190408,GGOEGEHQ072099,Google Sticker Pack,Lifestyle,1,2.99,0,Not Used
98039,17330,20190629,GGOEGHPB071610,Google Cap Black,Headgear,1,14.99,12.99,Used
28301,17331,20191217,GGOEGEFR024199,Google Sunglasses,Lifestyle,2,9.99,12.99,Used
46048,17332,20190128,GGOEGBCR024399,Google Laptop Sleeve,Bags,4,24.99,12.99,Not Used
39451,17333,20190625,GGOEGOAQ012899,Google Spiral Notebook and Pen Set,Office,1,8.99,0,Not Used
62383,17334,20191003,GGOEGBMJ013399,Google Tote Bag,Bags,1,12.99,12.99,Not Used
20155,17335,20190905,GGOEGAAX0358,Google Hoodie Grey,Apparel,2,49.99,0,Not Used
35995,17336,20191206,GGOENEBQ078999,Nest Cam Outdoor Security Camera - USA,Nest-USA,1,199.0,5.99,Used
44335,17337,20191113,GGOEGDWR015799,Google Stainless Steel Bottle,Drinkware,1,23.99,0,Used
94259,17338,20191205,GGOEGDHC018299,Google Travel Tumbler,Drinkware,3,18.99,9.99,Not Used
15383,17339,20190110,GGOEGDHC018299,Google Travel Tumbler,Drinkware,1,18.99,6.5,Clicked
26483,17340,20190220,GGOEGEHQ072099,Google Sticker Pack,Lifestyle,3,2.99,7.99,Used
51441,17341,20190412,GGOEGHPB071610,Google Cap Black,Headgear,1,14.99,7.99,Not Used
81200,17342,20190908,GGOEGOLC013299,Google Small Notebook,Notebooks,1,6.99,9.99,Not Used
57400,17343,20191117,GGOEGDWR015799,Google Stainless Steel Bottle,Drinkware,5,23.99,7.99,Not Used
33053,17344,20191117,GGOEGDHQ015399,Google Ceramic Mug,Drinkware,3,12.99,12.99,Used
79352,17345,20190524,GGOEGBMJ013399,Google Tote Bag,Bags,1,12.99,6.5,Clicked
53540,17346,20190214,GGOEGOLC013299,Google Small Notebook,Notebooks,1,6.99,7.99,Used
79352,17347,20190609,GGOEGEHQ072099,Google Sticker Pack,Lifestyle,1,2.99,4.99,Clicked
60432,17348,20191025,GGOEGBMJ013399,Google Tote Bag,Bags,1,12.99,9.99,Clicked
40512,17349,20190809,GGOEGAAX0358,Google Hoodie Grey,Apparel,4,49.99,4.99,Not Used
95181,17350,20191013,GGOEGDHC074099,Google Pen White,Office,1,1.5,4.99,Clicked
42177,17351,20190613,GGOEGOLC014599,Google Large Notebook,Notebooks,1,11.99,9.99,Clicked
77715,17352,20190521,GGOEGAAX0037,Google Mens Vintage Badge Tee Black,Apparel,1,19.99,4.99,Used
84847,17353,20191110,GGOEGDHC018299,Google Travel Tumbler,Drinkware,1,18.99,4.99,Clicked
60432,17354,20190429,GGOENEBQ078999,Nest Cam Outdoor Security Camera - USA,Nest-USA,1,199.0,12.99,Not Used
25157,17355,20190915,GGOEGHPJ080110,Google Beanie,Headgear,1,16.99,6.5,Not Used
40982,17356,20190312,GGOEGAAX0037,Google Mens Vintage Badge Tee Black,Apparel,1,19.99,6.5,Used
96673,17357,20190731,GGOEGBCR024399,Google Laptop Sleeve,Bags,2,24.99,4.99,Used
95649,17358,20190401,GGOEGHPJ080110,Google Beanie,Headgear,2,16.99,12.99,Not Used
65057,17359,20190807,GGOEGOLC013299,Google Small Notebook,Notebooks,2,6.99,12.99,Not Used
30379,17360,20190610,GGOEGOLC013299,Google Small Notebook,Notebooks,1,6.99,6.5,Not Used
55082,17361,20190506,GGOEGOLC013299,Google Small Notebook,Notebooks,1,6.99,7.99,Clicked
86099,17362,20190408,GGOEGDHQ015399,Google Ceramic Mug,Drinkware,1,12.99,5.99,Not Used
67954,17363,20190327,GGOEGOLC014599,Google Large Notebook,Notebooks,2,11.99,0,Clicked
73699,17364,20190314,GGOEGHPJ080110,Google Beanie,Headgear,1,16.99,7.99,Used
41571,17365,20191027,GGOEGAAX0104,Google Womens Short Sleeve Hero Tee,Apparel,1,18.99,6.5,Used
37742,17366,20190821,GGOEGBRJ037299,Google Backpack,Bags,1,79.99,5.99,Clicked
49529,17367,20191231,GGOEGAAX0358,Google Hoodie Grey,Apparel,2,49.99,0,Used
10053,17368,20190819,GGOEGEFR024199,Google Sunglasses,Lifestyle,1,9.99,6.5,Clicked
51441,17369,20191110,GGOEGAAX0104,Google Womens Short Sleeve Hero Tee,Apparel,1,18.99,0,Used
70217,17370,20191017,GGOEGAAX0037,Google Mens Vintage Badge Tee Black,Apparel,3,19.99,4.99,Clicked
60968,17371,20190803,GGOEGDHQ015399,Google Ceramic Mug,Drinkware,2,12.99,6.5,Not Used
77715,17372,20190403,GGOEGDHC074099,Google Pen White,Office,4,1.5,0,Clicked
13047,17373,20190510,GGOENEBQ078999,Nest Cam Outdoor Security Camera - USA,Nest-USA,1,199.0,6.5,Clicked
76768,17374,20191108,GGOEGHPB071610,Google Cap Black,Headgear,1,14.99,9.99,Not Used
62383,17375,20190729,GGOEGHPB071610,Google Cap Black,Headgear,2,14.99,0,Used
47353,17376,20190523,GGOEGBMJ013399,Google Tote Bag,Bags,1,12.99,0,Clicked
16572,17377,20190119,GGOEGAAX0037,Google Mens Vintage Badge Tee Black,Apparel,2,19.99,12.99,Clicked
12671,17378,20190619,GGOEGDHC074099,Google Pen White,Office,1,1.5,4.99,Used
99733,17379,20190526,GGOEGAAX0104,Google Womens Short Sleeve Hero Tee,Apparel,2,18.99,5.99,Used
46655,17380,20190603,GGOEGEHQ072099,Google Sticker Pack,Lifestyle,3,2.99,12.99,Used
73092,17381,20190807,GGOEGOAQ012899,Google Spiral Notebook and Pen Set,Office,1,8.99,0,Clicked
94259,17382,20190618,GGOEGOLC013299,Google Small Notebook,Notebooks,2,6.99,7.99,Used
65444,17383,20191020,GGOEGOAQ012899,Google Spiral Notebook and Pen Set,Office,2,8.99,7.99,Clicked
99192,17384,20190807,GGOEGEHQ072099,Google Sticker Pack,Lifestyle,1,2.99,7.99,Not Used
84847,17385,20191111,GGOEGHPJ080110,Google Beanie,Headgear,1,16.99,4.99,Clicked
60968,17386,20191229,GGOEGDWR015799,Google Stainless Steel Bottle,Drinkware,1,23.99,0,Not Used
51441,17387,20190302,GGOEGBCR024399,Google Laptop Sleeve,Bags,5,24.99,6.5,Used
34931,17388,20190629,GGOEGBMJ013399,Google Tote Bag,Bags,2,12.99,9.99,Not Used
44438,17389,20190204,GGOEGDHQ015399,Google Ceramic Mug,Drinkware,1,12.99,5.99,Used
95181,17390,20191218,GGOEGEHQ072099,Google Sticker Pack,Lifestyle,1,2.99,7.99,Clicked
25157,17391,20190331,GGOEGBRJ037299,Google Backpack,Bags,3,79.99,9.99,Not Used
51441,17392,20190119,GGOEGAAX0104,Google Womens Short Sleeve Hero Tee,Apparel,1,18.99,6.5,Clicked
57472,17393,20190825,GGOEGOLC013299,Google Small Notebook,Notebooks,3,6.99,5.99,Clicked
89415,17394,20191214,GGOEGETR013999,Google Yoga Mat,Lifestyle,1,29.99,4.99,Clicked
91416,17395,20190619,GGOEGEFR024199,Google Sunglasses,Lifestyle,4,9.99,5.99,Used
44438,17396,20190712,GGOEGAAX0358,Google Hoodie Grey,Apparel,2,49.99,4.99,Clicked
48752,17397,20190607,GGOEGETR013999,Google Yoga Mat,Lifestyle,1,29.99,6.5,Used
97012,17398,20190502,GGOEGEHQ072099,Google Sticker Pack,Lifestyle,3,2.99,5.99,Used
99733,17399,20190604,GGOEGAAX0037,Google Mens Vintage Badge Tee Black,Apparel,1,19.99,0,Used
37938,17400,20190816,GGOENEBQ078999,Nest Cam Outdoor Security Camera - USA,Nest-USA,4,199.0,4.99,Used
67954,17401,20190905,GGOEGDHQ015399,Google Ceramic Mug,Drinkware,1,12.99,12.99,Used
96706,17402,20191213,GGOEGAAX0037,Google Mens Vintage Badge Tee Black,Apparel,2,19.99,6.5,Not Used
30028,17403,20190925,GGOEGDHC074099,Google Pen White,Office,1,1.5,0,Clicked
63271,17404,20190214,GGOEGEHQ072099,Google Sticker Pack,Lifestyle,3,2.99,0,Clicked
39451,17405,20191204,GGOEGDWR015799,Google Stainless Steel Bottle,Drinkware,1,23.99,5.99,Clicked
41499,17406,20190614,GGOEGBMJ013399,Google Tote Bag,Bags,1,12.99,7.99,Not Used
46048,17407,20190814,GGOEGOAQ012899,Google Spiral Notebook and Pen Set,Office,1,8.99,5.99,Used
40982,17408,20191115,GGOEGDHC074099,Google Pen White,Office,1,1.5,7.99,Not Used
12560,17409,20190314,GGOEGDHC018299,Google Travel Tumbler,Drinkware,1,18.99,0,Not Used
55082,17410,20190623,GGOEGHPB071610,Google Cap Black,Headgear,1,14.99,6.5,Clicked
49529,17411,20190224,GGOEGOLC013299,Google Small Notebook,Notebooks,1,6.99,6.5,Used
96706,17412,20191102,GGOEGHPJ080110,Google Beanie,Headgear,1,16.99,12.99,Used
88193,17413,20191210,GGOEGOAQ012899,Google Spiral Notebook and Pen Set,Office,1,8.99,0,Clicked
51114,17414,20190219,GGOEGHPJ080110,Google Beanie,Headgear,2,16.99,9.99,Not Used
25129,17415,20190429,GGOEGBMJ013399,Google Tote Bag,Bags,3,12.99,7.99,Not Used
76768,17416,20190720,GGOEGAAX0358,Google Hoodie Grey,Apparel,4,49.99,5.99,Not Used
86099,17417,20190907,GGOENEBJ079499,Nest Learning Thermostat 3rd Gen-USA - Stainless Steel,Nest-USA,1,153.71,5.99,Not Used
51245,17418,20190329,GGOEGDHQ015399,Google Ceramic Mug,Drinkware,2,12.99,4.99,Clicked
36100,17419,20190727,GGOEGOAQ012899,Google Spiral Notebook and Pen Set,Office,1,8.99,0,Not Used
23947,17420,20190825,GGOEGOLC014599,Google Large Notebook,Notebooks,1,11.99,4.99,Clicked
28136,17421,20190904,GGOEGOLC013299,Google Small Notebook,Notebooks,1,6.99,12.99,Clicked
80702,17422,20190809,GGOEGOLC014599,Google Large Notebook,Notebooks,1,11.99,4.99,Used
44438,17423,20191209,GGOEGOLC014299,Google Leather Journal,Office,4,19.99,7.99,Not Used
41571,17424,20191031,GGOEGHPJ080110,Google Beanie,Headgear,1,16.99,12.99,Not Used
41499,17425,20190607,GGOEGOLC013299,Google Small Notebook,Notebooks,1,6.99,9.99,Clicked
10942,17426,20190714,GGOEGEHQ072099,Google Sticker Pack,Lifestyle,2,2.99,0,Used
48890,17427,20190313,GGOENEBJ079499,Nest Learning Thermostat 3rd Gen-USA - Stainless Steel,Nest-USA,2,153.71,6.5,Clicked
76162,17428,20190719,GGOEGHPB071610,Google Cap Black,Headgear,1,14.99,5.99,Not Used
20155,17429,20191214,GGOEGDHQ015399,Google Ceramic Mug,Drinkware,2,12.99,5.99,Used
62383,17430,20190105,GGOEGOLC013299,Google Small Notebook,Notebooks,3,6.99,0,Not Used
61173,17431,20190128,GGOENEBB078899,Nest Protect Smoke + CO Alarm - USA,Nest-USA,1,119.0,5.99,Used
15209,17432,20190116,GGOEGBRJ037299,Google Backpack,Bags,2,79.99,6.5,Clicked
80702,17433,20191231,GGOEGOLC014599,Google Large Notebook,Notebooks,1,11.99,7.99,Used
83385,17434,20190330,GGOEGHPB071610,Google Cap Black,Headgear,1,14.99,6.5,Not Used
16590,17435,20190320,GGOEGDHC018299,Google Travel Tumbler,Drinkware,1,18.99,0,Used
60432,17436,20190109,GGOEGAAX0358,Google Hoodie Grey,Apparel,3,49.99,9.99,Not Used
35995,17437,20190213,GGOEGAAX0358,Google Hoodie Grey,Apparel,3,49.99,12.99,Not Used
19099,17438,20191106,GGOEGOLC013299,Google Small Notebook,Notebooks,1,6.99,6.5,Clicked
42406,17439,20190716,GGOEGEFR024199,Google Sunglasses,Lifestyle,1,9.99,7.99,Used
42406,17440,20190913,GGOEGBCR024399,Google Laptop Sleeve,Bags,1,24.99,6.5,Clicked
28301,17441,20190707,GGOENEBJ079499,Nest Learning Thermostat 3rd Gen-USA - Stainless Steel,Nest-USA,1,153.71,9.99,Not Used
74789,17442,20191025,GGOEGHPB071610,Google Cap Black,Headgear,1,14.99,9.99,Clicked
63883,17443,20190524,GGOEGHPB071610,Google Cap Black,Headgear,1,14.99,7.99,Used
18907,17444,20190830,GGOEGOLC014299,Google Leather Journal,Office,2,19.99,12.99,Clicked
76768,17445,20191110,GGOENEBQ078999,Nest Cam Outdoor Security Camera - USA,Nest-USA,1,199.0,0,Not Used
48890,17446,20190920,GGOEGHPJ080110,Google Beanie,Headgear,1,16.99,12.99,Not Used
33086,17447,20190327,GGOENEBB078899,Nest Protect Smoke + CO Alarm - USA,Nest-USA,4,119.0,9.99,Not Used
30861,17448,20191016,GGOEGDWR015799,Google Stainless Steel Bottle,Drinkware,2,23.99,7.99,Used
32431,17449,20190127,GGOEGDHC018299,Google Travel Tumbler,Drinkware,2,18.99,5.99,Not Used
73092,17450,20190306,GGOEGOAQ012899,Google Spiral Notebook and Pen Set,Office,1,8.99,7.99,Not Used
42177,17451,20190512,GGOENEBB078899,Nest Protect Smoke + CO Alarm - USA,Nest-USA,1,119.0,4.99,Clicked
71993,17452,20190319,GGOEGHPJ080110,Google Beanie,Headgear,3,16.99,5.99,Clicked
44973,17453,20190906,GGOEGAAX0358,Google Hoodie Grey,Apparel,3,49.99,5.99,Used
71993,17454,20191101,GGOEGAAX0104,Google Womens Short Sleeve Hero Tee,Apparel,2,18.99,6.5,Not Used
70217,17455,20191205,GGOEGHPB071610,Google Cap Black,Headgear,1,14.99,9.99,Not Used
25157,17456,20191125,GGOEGDWR015799,Google Stainless Steel Bottle,Drinkware,1,23.99,6.5,Not Used
25157,17457,20190604,GGOEGHPB071610,Google Cap Black,Headgear,1,14.99,9.99,Not Used
35313,17458,20190515,GGOEGAAX0358,Google Hoodie Grey,Apparel,3,49.99,0,Not Used
36100,17459,20190715,GGOEGETR013999,Google Yoga Mat,Lifestyle,2,29.99,0,Used
51441,17460,20191123,GGOEGEHQ072099,Google Sticker Pack,Lifestyle,2,2.99,9.99,Not Used
86099,17461,20190519,GGOEGDWR015799,Google Stainless Steel Bottle,Drinkware,1,23.99,7.99,Not Used
32241,17462,20191212,GGOEGBCR024399,Google Laptop Sleeve,Bags,2,24.99,12.99,Used
40512,17463,20190622,GGOEGAAX0104,Google Womens Short Sleeve Hero Tee,Apparel,1,18.99,9.99,Used
47353,17464,20190107,GGOEGOLC013299,Google Small Notebook,Notebooks,1,6.99,9.99,Not Used
99733,17465,20190423,GGOEGDHQ015399,Google Ceramic Mug,Drinkware,1,12.99,0,Clicked
59735,17466,20190130,GGOEGBCR024399,Google Laptop Sleeve,Bags,2,24.99,9.99,Used
26483,17467,20191106,GGOEGAAX0104,Google Womens Short Sleeve Hero Tee,Apparel,2,18.99,9.99,Clicked
83975,17468,20190226,GGOEGAAX0104,Google Womens Short Sleeve Hero Tee,Apparel,1,18.99,9.99,Used
34931,17469,20190821,GGOEGDHQ015399,Google Ceramic Mug,Drinkware,2,12.99,9.99,Not Used
51441,17470,20190324,GGOEGOAQ012899,Google Spiral Notebook and Pen Set,Office,2,8.99,6.5,Not Used
98039,17471,20190131,GGOEGDHQ015399,Google Ceramic Mug,Drinkware,1,12.99,0,Not Used
19545,17472,20191109,GGOEGOLC013299,Google Small Notebook,Notebooks,2,6.99,0,Used
34050,17473,20190809,GGOEGBCR024399,Google Laptop Sleeve,Bags,2,24.99,6.5,Clicked
12260,17474,20190222,GGOENEBJ079499,Nest Learning Thermostat 3rd Gen-USA - Stainless Steel,Nest-USA,1,153.71,9.99,Not Used
30926,17475,20190817,GGOENEBQ078999,Nest Cam Outdoor Security Camera - USA,Nest-USA,1,199.0,9.99,Used
42406,17476,20191207,GGOEGOLC014599,Google Large Notebook,Notebooks,1,11.99,5.99,Not Used
63005,17477,20190102,GGOEGHPJ080110,Google Beanie,Headgear,1,16.99,12.99,Clicked
74686,17478,20190205,GGOEGBMJ013399,Google Tote Bag,Bags,1,12.99,9.99,Not Used
31632,17479,20191018,GGOEGEHQ072099,Google Sticker Pack,Lifestyle,2,2.99,6.5,Used
13617,17480,20191128,GGOEGOAQ012899,Google Spiral Notebook and Pen Set,Office,1,8.99,5.99,Used
31643,17481,20190529,GGOEGBMJ013399,Google Tote Bag,Bags,1,12.99,6.5,Clicked
32431,17482,20190603,GGOEGOLC013299,Google Small Notebook,Notebooks,2,6.99,5.99,Not Used
65057,17483,20191120,GGOEGHPB071610,Google Cap Black,Headgear,1,14.99,4.99,Used
66179,17484,20191031,GGOEGBRJ037299,Google Backpack,Bags,1,79.99,12.99,Clicked
91416,17485,20190607,GGOEGHPJ080110,Google Beanie,Headgear,4,16.99,0,Used
59692,17486,20190129,GGOEGETR013999,Google Yoga Mat,Lifestyle,1,29.99,0,Used
30926,17487,20191208,GGOEGHPB071610,Google Cap Black,Headgear,2,14.99,4.99,Used
63883,17488,20190314,GGOEGHPB071610,Google Cap Black,Headgear,1,14.99,7.99,Used
14207,17489,20191226,GGOEGAAX0037,Google Mens Vintage Badge Tee Black,Apparel,1,19.99,0,Not Used
44438,17490,20190822,GGOEGAAX0358,Google Hoodie Grey,Apparel,1,49.99,12.99,Used
87656,17491,20190912,GGOEGBMJ013399,Google Tote Bag,Bags,3,12.99,6.5,Not Used
92544,17492,20191214,GGOEGOLC014599,Google Large Notebook,Notebooks,1,11.99,9.99,Clicked
51441,17493,20190312,GGOEGEFR024199,Google Sunglasses,Lifestyle,2,9.99,7.99,Used
35995,17494,20190202,GGOEGOAQ012899,Google Spiral Notebook and Pen Set,Office,1,8.99,6.5,Used
60432,17495,20190709,GGOEGAAX0104,Google Womens Short Sleeve Hero Tee,Apparel,1,18.99,7.99,Used
13047,17496,20190221,GGOEGOLC013299,Google Small Notebook,Notebooks,1,6.99,6.5,Used
83385,17497,20190104,GGOEGAAX0037,Google Mens Vintage Badge Tee Black,Apparel,2,19.99,7.99,Not Used
32241,17498,20191222,GGOEGHPB071610,Google Cap Black,Headgear,1,14.99,9.99,Not Used
30926,17499,20190819,GGOEGOLC013299,Google Small Notebook,Notebooks,4,6.99,7.99,Clicked
79615,17500,20191102,GGOEGAAX0358,Google Hoodie Grey,Apparel,1,49.99,0,Clicked
40784,17501,20190628,GGOEGOLC013299,Google Small Notebook,Notebooks,1,6.99,4.99,Used
20735,17502,20190218,GGOEGETR013999,Google Yoga Mat,Lifestyle,1,29.99,6.5,Clicked
89415,17503,20190417,GGOEGDWR015799,Google Stainless Steel Bottle,Drinkware,1,23.99,12.99,Used
16590,17504,20190831,GGOEGHPB071610,Google Cap Black,Headgear,1,14.99,0,Used
46655,17505,20190706,GGOEGDWR015799,Google Stainless Steel Bottle,Drinkware,1,23.99,5.99,Clicked
23947,17506,20190821,GGOENEBJ079499,Nest Learning Thermostat 3rd Gen-USA - Stainless Steel,Nest-USA,2,153.71,7.99,Used
39831,17507,20190115,GGOEGHPB071610,Google Cap Black,Headgear,1,14.99,4.99,Clicked
73624,17508,20191031,GGOEGEHQ072099,Google Sticker Pack,Lifestyle,1,2.99,9.99,Not Used
98039,17509,20190226,GGOEGEFR024199,Google Sunglasses,Lifestyle,1,9.99,9.99,Not Used
15075,17510,20190712,GGOEGBMJ013399,Google Tote Bag,Bags,1,12.99,6.5,Used
60432,17511,20190316,GGOEGBCR024399,Google Laptop Sleeve,Bags,1,24.99,6.5,Not Used
51441,17512,20190823,GGOEGBCR024399,Google Laptop Sleeve,Bags,1,24.99,5.99,Used
28301,17513,20190307,GGOENEBB078899,Nest Protect Smoke + CO Alarm - USA,Nest-USA,1,119.0,5.99,Used
81066,17514,20190827,GGOEGHPJ080110,Google Beanie,Headgear,1,16.99,5.99,Used
10726,17515,20191106,GGOEGAAX0358,Google Hoodie Grey,Apparel,4,49.99,4.99,Clicked
28136,17516,20190428,GGOEGOAQ012899,Google Spiral Notebook and Pen Set,Office,3,8.99,6.5,Used
95649,17517,20190831,GGOEGHPJ080110,Google Beanie,Headgear,1,16.99,6.5,Clicked
30861,17518,20190507,GGOEGEHQ072099,Google Sticker Pack,Lifestyle,1,2.99,7.99,Used
63271,17519,20190103,GGOEGOLC013299,Google Small Notebook,Notebooks,1,6.99,6.5,Clicked
18675,17520,20190916,GGOENEBQ078999,Nest Cam Outdoor Security Camera - USA,Nest-USA,1,199.0,6.5,Clicked
98781,17521,20190820,GGOEGHPB071610,Google Cap Black,Headgear,1,14.99,12.99,Used
99733,17522,20190728,GGOEGBMJ013399,Google Tote Bag,Bags,1,12.99,4.99,Clicked
89997,17523,20190109,GGOEGHPJ080110,Google Beanie,Headgear,1,16.99,6.5,Clicked
15482,17524,20191026,GGOENEBQ078999,Nest Cam Outdoor Security Camera - USA,Nest-USA,1,199.0,4.99,Clicked
60968,17525,20190405,GGOEGETR013999,Google Yoga Mat,Lifestyle,1,29.99,9.99,Used
74789,17526,20190206,GGOEGOLC014599,Google Large Notebook,Notebooks,1,11.99,5.99,Not Used
82357,17527,20190519,GGOEGBCR024399,Google Laptop Sleeve,Bags,1,24.99,5.99,Clicked
64921,17528,20190921,GGOEGEFR024199,Google Sunglasses,Lifestyle,1,9.99,5.99,Not Used
40512,17529,20190121,GGOEGEHQ072099,Google Sticker Pack,Lifestyle,1,2.99,7.99,Clicked
44438,17530,20191015,GGOEGBMJ013399,Google Tote Bag,Bags,5,12.99,4.99,Clicked
86503,17531,20191129,GGOEGHPB071610,Google Cap Black,Headgear,2,14.99,12.99,Used
96673,17532,20190630,GGOEGDHC018299,Google Travel Tumbler,Drinkware,2,18.99,5.99,Used
51114,17533,20190710,GGOEGEHQ072099,Google Sticker Pack,Lifestyle,1,2.99,7.99,Used
98781,17534,20191230,GGOEGDHQ015399,Google Ceramic Mug,Drinkware,2,12.99,12.99,Clicked
65444,17535,20190203,GGOEGBRJ037299,Google Backpack,Bags,1,79.99,6.5,Used
48752,17536,20190209,GGOEGDHC074099,Google Pen White,Office,1,1.5,9.99,Used
83385,17537,20190319,GGOEGBCR024399,Google Laptop Sleeve,Bags,4,24.99,0,Not Used
16590,17538,20191216,GGOEGAAX0104,Google Womens Short Sleeve Hero Tee,Apparel,1,18.99,6.5,Clicked
32241,17539,20190111,GGOEGDWR015799,Google Stainless Steel Bottle,Drinkware,1,23.99,12.99,Used
97782,17540,20191127,GGOEGEHQ072099,Google Sticker Pack,Lifestyle,1,2.99,9.99,Clicked
74042,17541,20190906,GGOEGHPJ080110,Google Beanie,Headgear,1,16.99,4.99,Not Used
44973,17542,20190514,GGOEGBRJ037299,Google Backpack,Bags,1,79.99,5.99,Used
96706,17543,20190630,GGOEGDHQ015399,Google Ceramic Mug,Drinkware,4,12.99,7.99,Used
98781,17544,20191002,GGOEGDWR015799,Google Stainless Steel Bottle,Drinkware,5,23.99,12.99,Clicked
42406,17545,20191208,GGOEGAAX0037,Google Mens Vintage Badge Tee Black,Apparel,1,19.99,0,Not Used
15383,17546,20190306,GGOEGHPJ080110,Google Beanie,Headgear,1,16.99,4.99,Clicked
36071,17547,20190118,GGOEGEHQ072099,Google Sticker Pack,Lifestyle,1,2.99,6.5,Clicked
63271,17548,20191001,GGOEGDWR015799,Google Stainless Steel Bottle,Drinkware,4,23.99,6.5,Not Used
84593,17549,20190316,GGOEGHPJ080110,Google Beanie,Headgear,1,16.99,9.99,Clicked
95215,17550,20190619,GGOEGDHQ015399,Google Ceramic Mug,Drinkware,3,12.99,12.99,Clicked
30379,17551,20190317,GGOEGHPJ080110,Google Beanie,Headgear,2,16.99,9.99,Not Used
35313,17552,20190313,GGOEGOAQ012899,Google Spiral Notebook and Pen Set,Office,1,8.99,7.99,Used
20155,17553,20190702,GGOEGOAQ012899,Google Spiral Notebook and Pen Set,Office,1,8.99,9.99,Used
35313,17554,20190927,GGOEGBRJ037299,Google Backpack,Bags,1,79.99,0,Clicked
64496,17555,20191213,GGOEGOLC014299,Google Leather Journal,Office,1,19.99,6.5,Not Used
53540,17556,20191106,GGOENEBB078899,Nest Protect Smoke + CO Alarm - USA,Nest-USA,1,119.0,4.99,Clicked
20500,17557,20190709,GGOEGOLC014599,Google Large Notebook,Notebooks,1,11.99,5.99,Not Used
83385,17558,20190817,GGOEGDHC074099,Google Pen White,Office,2,1.5,6.5,Clicked
83385,17559,20190815,GGOEGDWR015799,Google Stainless Steel Bottle,Drinkware,3,23.99,6.5,Clicked
51441,17560,20190313,GGOEGDHC074099,Google Pen White,Office,1,1.5,6.5,Clicked
83385,17561,20190203,GGOEGOLC013299,Google Small Notebook,Notebooks,1,6.99,9.99,Not Used
48890,17562,20190331,GGOEGHPB071610,Google Cap Black,Headgear,1,14.99,12.99,Not Used
79615,17563,20191011,GGOEGHPB071610,Google Cap Black,Headgear,3,14.99,5.99,Clicked
19880,17564,20190910,GGOEGHPB071610,Google Cap Black,Headgear,1,14.99,0,Used
41571,17565,20190603,GGOEGHPB071610,Google Cap Black,Headgear,2,14.99,5.99,Not Used
40512,17566,20190909,GGOEGBMJ013399,Google Tote Bag,Bags,1,12.99,5.99,Not Used
60968,17567,20191103,GGOEGETR013999,Google Yoga Mat,Lifestyle,1,29.99,6.5,Not Used
23434,17568,20191218,GGOEGHPB071610,Google Cap Black,Headgear,1,14.99,9.99,Clicked
98781,17569,20190513,GGOEGAAX0358,Google Hoodie Grey,Apparel,1,49.99,5.99,Not Used
80008,17570,20190311,GGOEGEFR024199,Google Sunglasses,Lifestyle,1,9.99,5.99,Not Used
66346,17571,20190702,GGOENEBQ078999,Nest Cam Outdoor Security Camera - USA,Nest-USA,1,199.0,9.99,Used
86503,17572,20190410,GGOEGAAX0037,Google Mens Vintage Badge Tee Black,Apparel,1,19.99,4.99,Clicked
14207,17573,20190611,GGOEGDHQ015399,Google Ceramic Mug,Drinkware,2,12.99,9.99,Not Used
54942,17574,20191001,GGOEGEFR024199,Google Sunglasses,Lifestyle,1,9.99,7.99,Not Used
10942,17575,20190906,GGOEGOLC014599,Google Large Notebook,Notebooks,4,11.99,4.99,Used
24168,17576,20190321,GGOEGBMJ013399,Google Tote Bag,Bags,2,12.99,7.99,Clicked
99192,17577,20190927,GGOEGOAQ012899,Google Spiral Notebook and Pen Set,Office,1,8.99,0,Used
39831,17578,20190109,GGOEGHPJ080110,Google Beanie,Headgear,1,16.99,5.99,Used
57447,17579,20191102,GGOEGEFR024199,Google Sunglasses,Lifestyle,2,9.99,0,Clicked
24371,17580,20190424,GGOEGAAX0358,Google Hoodie Grey,Apparel,1,49.99,4.99,Not Used
56566,17581,20190418,GGOEGAAX0037,Google Mens Vintage Badge Tee Black,Apparel,1,19.99,12.99,Used
20735,17582,20190110,GGOEGHPJ080110,Google Beanie,Headgear,1,16.99,0,Used
96673,17583,20190920,GGOENEBQ078999,Nest Cam Outdoor Security Camera - USA,Nest-USA,1,199.0,5.99,Used
54020,17584,20190604,GGOENEBJ079499,Nest Learning Thermostat 3rd Gen-USA - Stainless Steel,Nest-USA,2,153.71,7.99,Used
89997,17585,20190413,GGOEGAAX0358,Google Hoodie Grey,Apparel,1,49.99,0,Used
12560,17586,20190523,GGOEGEHQ072099,Google Sticker Pack,Lifestyle,1,2.99,7.99,Clicked
40784,17587,20190504,GGOEGDHC074099,Google Pen White,Office,3,1.5,12.99,Used
13047,17588,20190422,GGOEGBRJ037299,Google Backpack,Bags,1,79.99,12.99,Clicked
35995,17589,20190220,GGOEGBCR024399,Google Laptop Sleeve,Bags,3,24.99,6.5,Not Used
81200,17590,20191029,GGOEGAAX0104,Google Womens Short Sleeve Hero Tee,Apparel,2,18.99,0,Used
46655,17591,20190714,GGOEGOLC013299,Google Small Notebook,Notebooks,1,6.99,6.5,Used
77715,17592,20190610,GGOEGOAQ012899,Google Spiral Notebook and Pen Set,Office,1,8.99,4.99,Not Used
97410,17593,20190704,GGOEGDHC018299,Google Travel Tumbler,Drinkware,2,18.99,0,Not Used
89415,17594,20190301,GGOEGOLC014599,Google Large Notebook,Notebooks,1,11.99,9.99,Not Used
31643,17595,20190816,GGOEGBCR024399,Google Laptop Sleeve,Bags,1,24.99,12.99,Not Used
12671,17596,20190205,GGOEGHPJ080110,Google Beanie,Headgear,1,16.99,9.99,Not Used
57447,17597,20190223,GGOEGOLC014599,Google Large Notebook,Notebooks,1,11.99,9.99,Used
74042,17598,20190315,GGOEGOLC014599,Google Large Notebook,Notebooks,2,11.99,0,Clicked
74686,17599,20190203,GGOEGEFR024199,Google Sunglasses,Lifestyle,1,9.99,7.99,Not Used
28136,17600,20190430,GGOEGOLC014599,Google Large Notebook,Notebooks,1,11.99,9.99,Clicked
19171,17601,20190520,GGOEGOLC014599,Google Large Notebook,Notebooks,1,11.99,7.99,Not Used
54473,17602,20190919,GGOEGDWR015799,Google Stainless Steel Bottle,Drinkware,2,23.99,0,Used
18675,17603,20190908,GGOEGHPB071610,Google Cap Black,Headgear,2,14.99,4.99,Used
64496,17604,20190128,GGOEGOAQ012899,Google Spiral Notebook and Pen Set,Office,2,8.99,4.99,Not Used
46655,17605,20191214,GGOEGEFR024199,Google Sunglasses,Lifestyle,1,9.99,7.99,Used
26334,17606,20190209,GGOEGHPJ080110,Google Beanie,Headgear,1,16.99,9.99,Not Used
92544,17607,20190916,GGOEGDHC018299,Google Travel Tumbler,Drinkware,1,18.99,12.99,Clicked
19099,17608,20190110,GGOENEBQ078999,Nest Cam Outdoor Security Camera - USA,Nest-USA,3,199.0,0,Not Used
33053,17609,20190611,GGOEGOLC014599,Google Large Notebook,Notebooks,1,11.99,0,Used
18907,17610,20191204,GGOEGDHC018299,Google Travel Tumbler,Drinkware,1,18.99,6.5,Used
10726,17611,20190719,GGOEGHPB071610,Google Cap Black,Headgear,1,14.99,6.5,Clicked
82357,17612,20191217,GGOEGHPJ080110,Google Beanie,Headgear,1,16.99,4.99,Clicked
72070,17613,20190720,GGOEGDHQ015399,Google Ceramic Mug,Drinkware,1,12.99,6.5,Clicked
24371,17614,20190630,GGOEGDHQ015399,Google Ceramic Mug,Drinkware,1,12.99,7.99,Used
37938,17615,20190707,GGOEGETR013999,Google Yoga Mat,Lifestyle,1,29.99,12.99,Clicked
47353,17616,20190714,GGOEGOAQ012899,Google Spiral Notebook and Pen Set,Office,1,8.99,5.99,Not Used
32431,17617,20190129,GGOEGBMJ013399,Google Tote Bag,Bags,1,12.99,5.99,Clicked
42092,17618,20191219,GGOEGOAQ012899,Google Spiral Notebook and Pen Set,Office,1,8.99,4.99,Used
66346,17619,20190616,GGOENEBQ078999,Nest Cam Outdoor Security Camera - USA,Nest-USA,2,199.0,6.5,Clicked
15209,17620,20190804,GGOEGDWR015799,Google Stainless Steel Bottle,Drinkware,2,23.99,7.99,Used
18675,17621,20190713,GGOEGOLC014599,Google Large Notebook,Notebooks,1,11.99,12.99,Not Used
91416,17622,20191220,GGOEGBRJ037299,Google Backpack,Bags,1,79.99,12.99,Clicked
80008,17623,20190327,GGOEGDHQ015399,Google Ceramic Mug,Drinkware,4,12.99,4.99,Not Used
82420,17624,20190208,GGOEGBRJ037299,Google Backpack,Bags,1,79.99,5.99,Clicked
91416,17625,20190426,GGOEGOLC014299,Google Leather Journal,Office,3,19.99,0,Clicked
39451,17626,20190520,GGOEGOLC014299,Google Leather Journal,Office,3,19.99,6.5,Not Used
30866,17627,20190627,GGOEGOLC014299,Google Leather Journal,Office,3,19.99,7.99,Not Used
66346,17628,20191206,GGOEGEFR024199,Google Sunglasses,Lifestyle,1,9.99,5.99,Clicked
42406,17629,20190821,GGOEGAAX0037,Google Mens Vintage Badge Tee Black,Apparel,2,19.99,7.99,Used
16630,17630,20190913,GGOEGBCR024399,Google Laptop Sleeve,Bags,4,24.99,9.99,Not Used
44973,17631,20191123,GGOEGOLC013299,Google Small Notebook,Notebooks,1,6.99,5.99,Not Used
42706,17632,20190504,GGOEGAAX0358,Google Hoodie Grey,Apparel,2,49.99,5.99,Not Used
65444,17633,20190613,GGOEGOLC014299,Google Leather Journal,Office,1,19.99,6.5,Not Used
22704,17634,20191127,GGOEGAAX0104,Google Womens Short Sleeve Hero Tee,Apparel,2,18.99,4.99,Not Used
86099,17635,20190228,GGOEGAAX0037,Google Mens Vintage Badge Tee Black,Apparel,1,19.99,12.99,Not Used
23947,17636,20190906,GGOEGOLC014599,Google Large Notebook,Notebooks,2,11.99,0,Used
20735,17637,20190520,GGOEGAAX0037,Google Mens Vintage Badge Tee Black,Apparel,1,19.99,12.99,Not Used
14165,17638,20191009,GGOEGAAX0358,Google Hoodie Grey,Apparel,3,49.99,9.99,Not Used
15229,17639,20190129,GGOEGOAQ012899,Google Spiral Notebook and Pen Set,Office,2,8.99,12.99,Used
71993,17640,20190706,GGOEGOAQ012899,Google Spiral Notebook and Pen Set,Office,4,8.99,9.99,Used
54473,17641,20190227,GGOEGOLC014299,Google Leather Journal,Office,2,19.99,7.99,Clicked
61876,17642,20190912,GGOEGDHC074099,Google Pen White,Office,1,1.5,12.99,Not Used
94259,17643,20191027,GGOEGOLC013299,Google Small Notebook,Notebooks,4,6.99,4.99,Used
82357,17644,20190331,GGOEGBRJ037299,Google Backpack,Bags,1,79.99,5.99,Clicked
33206,17645,20190909,GGOEGETR013999,Google Yoga Mat,Lifestyle,4,29.99,5.99,Clicked
25157,17646,20190901,GGOEGBRJ037299,Google Backpack,Bags,3,79.99,4.99,Not Used
42177,17647,20190708,GGOEGDWR015799,Google Stainless Steel Bottle,Drinkware,2,23.99,7.99,Used
54473,17648,20191206,GGOENEBB078899,Nest Protect Smoke + CO Alarm - USA,Nest-USA,4,119.0,9.99,Used
89415,17649,20191010,GGOEGOLC014599,Google Large Notebook,Notebooks,2,11.99,9.99,Not Used
79615,17650,20190304,GGOEGBRJ037299,Google Backpack,Bags,1,79.99,6.5,Not Used
31632,17651,20190216,GGOEGBRJ037299,Google Backpack,Bags,1,79.99,4.99,Not Used
51114,17652,20190612,GGOEGOLC013299,Google Small Notebook,Notebooks,1,6.99,0,Not Used
36071,17653,20190731,GGOEGETR013999,Google Yoga Mat,Lifestyle,1,29.99,12.99,Used
33086,17654,20191224,GGOEGDHC018299,Google Travel Tumbler,Drinkware,1,18.99,6.5,Clicked
66179,17655,20191008,GGOEGEHQ072099,Google Sticker Pack,Lifestyle,2,2.99,12.99,Used
17850,17656,20191125,GGOEGAAX0358,Google Hoodie Grey,Apparel,1,49.99,9.99,Used
28301,17657,20190725,GGOEGBCR024399,Google Laptop Sleeve,Bags,1,24.99,7.99,Used
77715,17658,20190322,GGOEGBCR024399,Google Laptop Sleeve,Bags,2,24.99,12.99,Clicked
60432,17659,20190308,GGOEGOLC014599,Google Large Notebook,Notebooks,1,11.99,12.99,Clicked
80686,17660,20190514,GGOEGAAX0358,Google Hoodie Grey,Apparel,1,49.99,5.99,Not Used
77391,17661,20190213,GGOEGOLC014599,Google Large Notebook,Notebooks,1,11.99,6.5,Clicked
59735,17662,20190111,GGOENEBB078899,Nest Protect Smoke + CO Alarm - USA,Nest-USA,2,119.0,9.99,Used
82420,17663,20190825,GGOEGBRJ037299,Google Backpack,Bags,2,79.99,4.99,Used
76162,17664,20191113,GGOEGOLC014599,Google Large Notebook,Notebooks,1,11.99,5.99,Used
12671,17665,20190302,GGOENEBB078899,Nest Protect Smoke + CO Alarm - USA,Nest-USA,1,119.0,12.99,Not Used
65444,17666,20190911,GGOEGDHC074099,Google Pen White,Office,2,1.5,4.99,Not Used
10942,17667,20190911,GGOEGOLC013299,Google Small Notebook,Notebooks,1,6.99,4.99,Clicked
95181,17668,20190525,GGOEGBRJ037299,Google Backpack,Bags,1,79.99,12.99,Used
20155,17669,20190529,GGOEGDWR015799,Google Stainless Steel Bottle,Drinkware,2,23.99,4.99,Not Used
98781,17670,20191217,GGOEGHPB071610,Google Cap Black,Headgear,1,14.99,4.99,Not Used
30028,17671,20190723,GGOEGBCR024399,Google Laptop Sleeve,Bags,1,24.99,6.5,Clicked
71993,17672,20190512,GGOEGDHC074099,Google Pen White,Office,1,1.5,0,Not Used
15383,17673,20190830,GGOEGETR013999,Google Yoga Mat,Lifestyle,4,29.99,12.99,Clicked
29536,17674,20190124,GGOENEBQ078999,Nest Cam Outdoor Security Camera - USA,Nest-USA,1,199.0,6.5,Not Used
92149,17675,20191210,GGOEGEFR024199,Google Sunglasses,Lifestyle,4,9.99,7.99,Used
99192,17676,20190402,GGOEGDWR015799,Google Stainless Steel Bottle,Drinkware,1,23.99,5.99,Not Used
44438,17677,20190215,GGOEGETR013999,Google Yoga Mat,Lifestyle,1,29.99,4.99,Not Used
89997,17678,20190610,GGOENEBJ079499,Nest Learning Thermostat 3rd Gen-USA - Stainless Steel,Nest-USA,1,153.71,12.99,Not Used
46655,17679,20190704,GGOEGOLC014599,Google Large Notebook,Notebooks,4,11.99,5.99,Clicked
26334,17680,20190516,GGOEGEHQ072099,Google Sticker Pack,Lifestyle,3,2.99,5.99,Clicked
